0,0,0,0,0,0,0,0,0,0,0,0,0,0,0,0
0,0,0,0,0,0,0,0,0,0,0,0,0,0,0,0
0,0,0,0,0,0,0,0,0,0,0,0,0,0,0,0
0,0,0,0,0,0,0,0,0,0,0,0,0,0,0,0
0,0,0,0,0,0,0,0,0,0,0,0,0,0,0,0
0,0,0,0,0,0,0,0,0,0,0,0,0,0,0,0
0,0,0,0,0,0,0,0,0,0,0,0,0,0,0,0
0,0,0,0,0,0,0,0,0,0,0,0,0,0,0,0
0,0,0,0,0,0,0,0,0,0,0,0,0,0,0,0
0,0,0,0,0,0,0,0,0,0,0,0,0,0,0,0
0,0,0,0,0,0,0,0,0,0,0,0,0,0,0,0
0,0,0,0,0,0,0,0,0,0,0,0,0,0,0,0
0,0,0,0,0,0,0,0,0,0,0,0,0,0,0,0
0,0,0,0,0,0,0,0,0,0,0,0,0,0,0,0
0,0,0,0,0,0,0,0,0,0,0,0,0,0,0,0
0,0,0,0,0,0,0,0,0,0,0,0,0,0,0,0
0,0,0,0,0,0,0,0,0,0,0,0,0,0,0,0
0,0,0,0,0,0,0,0,0,0,0,0,0,0,0,0
0,0,0,0,0,0,0,0,0,0,0,0,0,0,0,0
0,0,0,0,0,0,0,0,0,0,0,0,0,0,0,0
0,0,0,0,0,0,0,0,0,0,0,0,0,0,0,0
0,0,0,0,0,0,0,0,0,0,0,0,0,0,0,0
0,0,0,0,0,0,0,0,0,0,0,0,0,0,0,0
0,0,0,0,0,0,0,0,0,0,0,0,0,0,0,0
0,0,33.333,0,0,0,0,0,0,0,0,0,0,0,0,0
0,0,0,0,0,0,0,0,0,0,0,0,0,0,0,0
0,14.286,0,0,0,0,0,0,0,0,0,0,0,0,0,0
0,28.571,0,0,0,0,0,0,0,0,0,0,0,0,0,0
0,42.857,0,0,0,0,0,0,0,0,0,0,0,0,0,0
0,57.143,0,0,0,0,0,0,0,0,0,0,0,0,0,0
0,57.143,0,0,0,0,0,0,0,0,0,0,0,0,0,0
0,71.429,0,0,0,0,0,0,0,0,0,0,0,0,0,0
0,85.714,0,0,0,0,0,0,0,0,0,0,0,0,0,0
0,85.714,0,0,0,0,0,0,0,0,0,0,0,0,0,0
0,100,0,0,0,0,0,0,0,0,0,0,0,0,0,0
0,85.714,0,0,0,0,0,0,0,0,0,0,0,0,0,0
0,71.429,0,0,0,0,0,0,0,0,0,0,0,0,0,0
0,57.143,0,0,0,0,0,0,0,0,0,0,0,0,0,0
0,57.143,66.667,0,0,0,0,0,0,0,0,0,0,0,0,0
0,57.143,33.333,0,0,0,0,0,0,0,0,0,0,0,0,0
0,57.143,0,0,0,0,0,0,0,0,0,0,0,0,0,0
0,57.143,0,0,0,0,0,0,0,0,0,0,0,0,0,0
0,57.143,0,0,0,0,0,0,0,0,0,0,0,0,0,0
0,71.429,0,0,0,0,0,0,0,0,0,0,0,0,0,0
0,71.429,0,0,0,0,0,0,0,0,0,0,0,0,0,0
0,85.714,0,0,0,0,0,0,0,0,0,0,0,0,0,0
0,100,0,0,0,0,0,0,0,0,0,0,0,0,0,0
0,100,0,0,0,0,0,0,0,0,0,0,0,0,0,0
0,100,0,0,0,0,0,0,0,0,0,0,0,0,0,0
0,100,0,0,0,0,0,0,0,0,0,0,0,0,0,0
0,85.714,0,0,0,0,0,0,0,0,0,0,0,0,0,0
0,71.429,0,0,0,0,0,0,0,0,0,0,0,0,0,0
0,57.143,0,0,0,0,0,0,0,0,0,0,0,0,0,0
0,42.857,0,0,0,0,0,0,0,0,0,0,0,0,0,0
0,42.857,0,0,0,0,0,0,0,0,0,0,0,0,0,0
0,28.571,0,0,0,0,0,0,0,0,0,0,0,0,0,0
0,14.286,0,0,0,0,0,0,0,0,0,0,0,0,0,0
0,0,0,0,0,0,0,0,0,0,0,0,0,0,0,0
0,0,0,0,0,0,0,0,0,0,0,0,0,0,0,0
0,0,0,0,0,0,0,0,0,0,0,0,0,0,0,0
0,0,0,0,0,0,0,0,0,0,0,0,0,0,0,0
0,0,0,0,0,0,0,0,0,0,0,0,0,0,0,0
1,0,0,0,0,0,0,0,0,0,0,0,0,0,0,0
1,0,0,0,0,0,0,0,0,0,0,0,0,0,0,0
1,0,0,0,0,0,0,0,0,0,0,0,0,0,0,0
1,0,0,0,0,0,0,0,0,0,0,0,0,0,0,0
1,0,0,0,0,0,0,0,0,0,0,0,0,0,0,0
0,0,0,0,0,0,0,0,0,0,0,0,0,0,0,0
0,0,0,0,0,0,0,0,0,0,0,0,0,0,0,0
0,0,0,0,0,0,0,0,0,0,0,0,0,0,0,0
0,0,0,0,0,0,0,0,0,0,0,0,0,0,0,0
0,0,0,0,0,0,0,0,0,0,0,0,0,0,0,0
0,0,0,0,0,0,0,0,0,0,0,0,0,0,0,0
0,0,0,0,0,0,0,0,0,0,0,0,0,0,0,0
0,0,0,0,0,0,0,0,0,0,0,0,0,0,0,0
0,0,0,0,0,0,0,0,0,0,0,0,0,0,0,0
0,0,0,0,0,0,0,0,0,0,0,0,0,0,0,0
1,0,0,0,0,0,0,0,0,0,0,0,0,0,0,0
1,0,0,0,0,0,0,0,0,0,0,0,0,0,0,0
1,0,0,0,0,0,0,0,0,0,0,0,0,0,0,0
1,0,0,0,0,0,0,0,0,0,0,0,0,0,0,0
1,0,0,0,0,0,0,0,0,0,0,0,0,0,0,0
1,0,0,0,0,0,0,0,0,0,0,0,0,0,0,0
1,0,0,0,0,0,0,0,0,0,0,0,0,0,0,0
1,0,0,0,0,0,0,0,0,0,0,0,0,0,0,0
1,0,0,0,0,0,0,0,0,0,0,0,0,0,0,0
1,0,0,0,0,0,0,0,0,0,0,0,0,0,0,0
0,0,0,0,0,0,0,0,0,0,0,0,0,0,0,0
0,0,0,0,0,0,0,0,0,0,0,0,0,0,0,0
0,0,0,0,0,0,0,0,0,0,0,0,0,0,0,0
0,0,0,0,0,0,0,0,0,16.667,0,0,0,0,0,0
0,0,0,0,0,0,0,0,0,16.667,0,0,0,0,0,0
0,0,0,0,0,0,0,0,0,16.667,0,0,0,0,0,0
0,0,0,0,0,0,0,0,0,16.667,0,0,0,0,0,0
0,0,0,0,0,0,0,0,0,16.667,0,0,0,0,0,0
0,0,0,0,0,0,0,0,0,16.667,0,0,0,0,0,0
0,0,0,0,0,0,0,0,0,16.667,0,0,0,0,0,0
0,0,0,0,0,0,0,0,0,0,0,0,0,0,0,0
0,0,0,0,0,0,0,0,0,0,0,0,0,0,0,0
0,0,0,0,0,0,0,0,0,0,0,0,0,0,0,0
0,0,0,0,0,0,0,0,0,0,0,0,0,0,0,0
0,0,0,0,0,0,0,0,0,16.667,0,0,0,0,0,0
0,0,0,0,0,0,0,0,0,16.667,0,0,0,0,0,0
0,0,0,0,0,0,0,0,0,0,0,0,0,0,0,0
0,0,0,0,0,0,0,0,0,0,0,0,0,0,0,0
0,0,0,0,0,0,0,0,0,0,0,0,0,0,0,0
0,0,11.111,0,0,0,0,0,0,0,0,0,0,0,0,0
0,0,0,0,0,0,0,0,11.111,0,0,0,0,0,0,0
0,0,0,0,0,0,0,0,0,0,0,0,0,0,0,0
0,0,11.111,0,0,0,0,0,0,0,0,0,0,0,0,0
0,0,11.111,0,0,0,0,0,11.111,0,0,0,0,0,0,0
0,0,0,0,0,0,0,0,11.111,0,0,0,0,0,0,0
0,0,0,0,0,0,0,0,0,0,0,0,0,0,0,0
0,0,0,0,0,0,0,0,0,0,0,0,0,0,0,0
0,0,0,0,0,0,0,0,11.111,0,0,0,0,0,0,0
0,0,0,0,0,0,0,0,0,0,0,0,0,0,0,0
0,0,0,0,0,0,0,0,11.111,0,0,0,0,0,0,0
1,0,0,0,0,0,0,0,22.222,0,0,0,0,0,0,0
1,0,0,0,0,0,0,0,44.444,0,0,0,0,0,0,0
1,0,0,0,0,0,0,0,88.889,0,0,0,16.667,0,0,0
1,0,0,0,0,0,0,0,88.889,0,0,0,16.667,0,0,0
1,0,0,0,0,0,0,0,88.889,0,0,0,0,0,0,0
1,0,0,0,0,0,0,0,88.889,0,0,0,0,0,0,0
1,0,0,0,0,0,0,0,88.889,0,0,0,0,0,0,0
1,0,0,0,0,0,0,0,88.889,0,0,0,0,0,0,0
0,0,0,0,0,0,0,0,88.889,0,0,0,0,0,0,0
0,0,0,0,0,0,0,0,55.556,0,0,0,0,0,0,0
0,0,0,0,0,0,0,0,55.556,0,0,0,0,0,0,0
0,0,0,0,0,0,0,0,44.444,0,0,0,0,0,0,0
0,0,0,0,0,0,0,0,33.333,0,0,0,0,0,0,0
0,0,0,0,0,0,0,0,0,0,0,0,0,0,0,0
0,0,0,0,0,0,0,0,0,0,0,0,0,0,0,20
0,0,0,0,0,0,0,0,0,0,0,0,0,0,0,20
0,0,0,0,0,0,0,0,0,0,0,0,0,0,0,0
0,0,0,0,0,0,0,0,0,0,0,0,0,0,0,0
0,0,0,0,0,0,0,0,0,0,0,0,0,25,0,0
0,0,0,0,0,0,0,0,0,0,0,0,0,25,0,20
0,0,0,0,0,0,0,0,0,0,0,0,0,25,0,40
0,0,0,0,0,0,0,0,0,0,0,0,0,25,0,60
0,0,0,0,0,0,0,0,0,0,0,0,0,25,0,40
0,0,0,0,0,0,0,0,0,0,0,0,0,50,0,40
0,0,0,0,0,0,0,0,0,0,0,0,0,50,0,20
0,0,0,0,0,0,0,0,0,0,0,0,0,50,0,0
0,0,0,0,0,0,0,0,0,0,0,0,0,25,0,0
0,0,0,0,0,0,0,0,0,0,0,0,0,0,0,0
0,0,0,0,0,0,0,0,0,0,0,0,0,0,0,0
0,0,0,0,0,0,0,0,0,0,0,0,0,0,0,0
0,0,0,0,0,0,0,0,0,0,0,0,0,0,0,0
0,0,0,0,0,0,0,0,0,0,0,0,0,0,0,0
0,0,0,0,0,0,0,0,0,0,0,0,0,0,0,0
0,0,0,0,0,0,0,0,0,0,0,0,0,0,0,0
0,0,0,0,0,0,0,0,0,0,0,0,0,0,0,20
0,0,0,0,0,0,0,0,0,0,0,0,0,0,0,20
0,0,0,0,0,0,0,0,0,0,0,0,0,0,0,20
0,0,0,0,0,0,0,0,0,0,0,0,0,0,0,0
0,0,0,0,0,0,0,0,0,0,0,0,0,0,0,0
0,0,0,0,0,0,0,0,0,0,0,0,0,0,0,20
0,0,0,0,0,0,0,0,0,0,0,0,0,0,0,20
0,0,0,0,0,0,0,0,0,0,0,0,0,0,0,40
0,0,0,0,0,0,0,0,0,0,0,0,0,0,0,40
0,0,0,0,0,0,0,0,0,0,0,0,0,0,0,80
0,0,0,0,0,0,0,0,0,0,0,0,0,0,0,60
0,0,0,0,0,0,0,0,0,0,0,0,0,25,0,60
0,0,0,0,0,0,0,0,0,0,0,0,0,25,0,60
0,0,0,0,0,0,0,0,0,0,0,0,0,25,0,40
0,0,0,0,0,0,0,0,0,0,0,0,0,50,0,40
0,0,0,0,0,0,0,0,0,0,0,0,0,25,0,40
0,0,0,0,0,0,0,0,0,0,0,0,0,25,0,0
0,0,0,0,0,0,0,0,0,0,0,0,0,25,0,0
0,0,0,0,0,0,0,0,0,0,0,0,0,0,0,0
0,0,0,0,0,0,0,0,0,0,0,0,0,0,0,0
0,0,0,0,0,0,0,0,0,0,0,0,0,0,0,0
0,0,0,0,0,0,0,0,0,0,0,0,0,0,0,0
0,0,0,0,0,0,0,0,0,0,0,0,0,0,0,0
1,0,0,0,0,0,0,0,0,0,0,0,0,0,0,0
1,0,0,0,0,0,0,0,0,0,0,0,0,0,0,0
1,0,0,0,0,0,0,0,0,0,0,0,0,0,0,0
1,0,0,0,0,0,0,0,0,0,0,0,0,0,0,0
1,0,0,0,0,0,0,0,0,0,0,0,0,0,0,0
1,0,0,0,0,0,0,0,0,0,0,0,0,0,0,0
1,0,0,0,0,0,0,0,0,0,0,0,0,0,0,0
0,0,0,0,0,0,0,0,0,0,0,0,0,0,0,0
0,0,0,0,0,0,0,0,0,0,0,0,0,0,0,0
0,0,0,0,0,0,0,0,0,0,0,0,0,0,0,0
0,0,0,0,0,0,0,0,0,0,0,0,0,0,0,0
0,0,0,0,0,0,0,0,0,0,0,0,0,0,0,0
0,0,0,0,0,0,0,0,0,0,0,0,0,0,0,0
0,0,0,0,0,0,0,0,0,0,0,0,0,0,0,0
1,0,0,0,0,0,0,0,0,0,0,0,0,0,0,0
1,0,0,0,0,0,0,0,0,0,0,0,0,0,0,0
1,0,0,0,0,0,0,0,0,0,0,0,0,0,0,0
0,0,0,0,0,0,0,0,0,0,0,0,0,0,0,0
0,0,0,0,0,0,0,0,0,0,0,0,0,0,0,0
0,0,0,0,0,0,0,0,0,0,0,0,0,0,0,0
0,0,0,0,0,0,0,0,0,0,0,0,0,0,0,0
0,0,0,0,0,0,0,0,0,0,0,0,0,0,0,0
0,0,0,0,0,0,0,0,0,0,0,0,0,0,0,0
0,0,0,0,0,0,0,0,0,0,0,0,0,0,0,0
0,0,0,0,0,0,0,0,0,0,0,0,0,0,0,0
0,0,0,0,0,0,0,0,0,0,0,0,0,0,0,0
0,0,0,0,0,0,0,0,0,0,0,0,0,0,0,0
0,0,0,0,0,0,0,0,0,0,0,0,0,0,0,0
1,0,0,0,0,0,0,0,0,0,0,0,0,0,0,0
1,0,0,0,0,0,0,0,0,0,0,0,0,0,0,0
1,0,0,0,0,0,0,0,0,0,0,0,0,0,0,0
1,0,0,0,0,0,0,0,0,0,0,0,0,0,0,0
1,0,0,0,0,0,0,0,0,0,0,0,0,0,0,0
1,0,0,0,0,0,0,0,0,0,0,0,0,0,0,0
0,0,0,0,0,0,0,0,0,0,0,0,0,0,0,0
0,0,0,0,0,0,0,0,0,0,0,0,0,0,0,0
0,0,0,0,0,0,0,0,0,0,0,0,0,0,0,0
0,0,0,0,0,0,0,0,0,0,0,0,0,0,0,0
0,0,0,0,0,0,0,0,0,0,0,0,0,0,0,0
0,0,0,0,0,0,0,0,0,0,0,0,0,0,0,0
1,0,0,0,0,0,0,0,0,0,0,0,0,0,0,0
1,0,0,0,0,0,0,0,0,0,0,0,0,0,0,0
1,0,0,0,0,0,0,0,0,0,0,0,0,0,0,0
1,0,0,0,0,0,0,0,0,0,0,0,0,0,0,0
1,0,0,0,0,0,0,0,0,0,0,0,0,0,0,0
1,0,0,0,0,0,0,0,0,0,0,0,0,0,25,0
1,0,0,0,0,0,0,0,0,0,0,0,0,0,50,0
1,0,0,0,0,0,0,0,0,0,0,0,0,0,75,0
1,0,0,0,0,0,0,0,0,0,0,0,0,0,50,0
1,0,0,0,0,0,0,0,0,0,0,0,0,0,25,0
1,0,0,0,0,0,0,0,0,0,0,0,0,0,0,0
0,0,0,0,0,0,0,0,0,0,0,0,0,0,0,0
0,0,0,0,0,0,0,0,0,0,0,0,0,0,0,0
0,0,0,0,0,0,0,0,0,0,0,0,0,0,0,0
1,0,0,0,0,0,0,0,0,0,0,0,0,0,0,0
0,0,0,0,0,0,0,0,0,0,0,0,0,0,0,0
0,0,0,0,0,0,0,0,0,0,0,0,0,0,0,0
0,0,20,0,0,0,0,0,0,0,0,0,0,0,0,0
0,0,40,0,0,0,0,0,0,0,0,0,0,0,0,0
0,0,20,0,0,0,0,0,0,0,0,0,0,0,0,0
0,0,0,0,0,0,0,0,0,0,0,0,0,0,0,0
0,0,0,0,0,0,0,0,0,0,0,0,0,0,0,0
0,0,0,0,0,0,0,0,0,0,0,0,0,0,25,0
0,0,0,0,0,0,0,0,0,0,0,0,0,0,25,0
0,0,0,0,0,0,0,0,0,0,0,0,0,0,0,0
0,0,20,0,0,0,0,0,0,0,0,0,0,0,0,0
0,0,0,0,0,0,0,0,0,0,0,0,0,0,0,0
0,0,0,0,0,0,0,0,0,0,0,0,0,0,0,0
0,0,0,0,0,0,0,0,0,0,0,0,0,0,0,0
0,0,0,0,0,0,0,0,0,0,0,0,0,0,0,0
1,0,0,0,0,0,0,0,0,0,0,0,0,0,0,0
1,0,0,0,0,0,0,0,0,0,0,0,0,0,0,0
1,0,0,0,0,0,0,0,0,0,0,0,0,0,0,0
0,0,0,0,0,0,0,0,0,0,0,0,0,0,0,0
0,0,0,0,0,0,0,0,0,0,0,0,0,0,0,0
0,0,0,0,0,0,0,0,0,0,0,0,0,0,0,0
0,0,0,0,0,0,0,0,0,0,0,0,0,0,0,0
0,0,0,0,0,0,0,0,0,0,0,0,0,0,0,0
0,0,0,0,0,0,0,0,0,0,0,0,0,0,0,0
0,0,0,0,0,0,0,0,0,0,0,0,0,0,0,0
0,0,0,0,0,0,0,0,0,0,0,0,0,0,0,0
0,0,0,0,0,0,0,0,0,0,0,0,0,0,0,0
0,0,0,0,0,0,0,0,0,0,0,0,0,0,0,0
0,0,0,0,0,0,0,0,0,0,0,0,0,0,0,0
0,0,0,0,0,0,0,0,0,0,0,0,0,0,0,0
0,0,0,0,0,0,0,0,0,0,0,0,0,0,0,0
0,0,0,0,0,0,0,0,0,0,0,0,0,0,0,0
0,0,0,0,0,0,0,0,0,0,0,0,0,0,0,0
0,0,0,0,0,0,0,0,0,0,0,0,0,0,0,0
0,0,0,0,0,0,0,0,0,0,0,0,0,0,0,0
0,0,0,0,0,0,0,0,0,0,0,0,0,0,0,0
0,0,0,0,0,0,0,0,0,0,0,0,0,0,0,0
0,0,0,0,0,0,0,0,0,0,0,0,0,0,0,0
0,0,0,0,0,0,0,0,0,0,0,0,0,0,0,25
0,0,0,0,0,0,0,0,0,0,0,0,0,0,0,0
0,0,0,0,0,0,0,0,0,0,0,0,0,0,0,0
0,0,0,0,0,0,0,0,0,0,0,0,0,0,0,25
0,0,0,0,0,0,0,0,0,0,0,0,0,0,0,0
0,0,0,0,0,0,0,0,0,0,0,0,0,0,0,25
0,0,0,0,0,0,0,0,0,0,0,0,0,0,0,25
0,0,0,0,0,0,0,0,0,0,0,0,0,0,0,0
0,0,0,0,0,0,0,0,0,0,0,0,0,0,0,0
0,0,0,0,0,0,0,0,0,0,0,0,0,0,0,0
0,0,0,0,0,0,0,0,0,0,0,0,0,0,0,0
0,0,0,0,0,0,0,0,0,0,0,0,0,0,0,0
0,0,0,0,0,0,0,0,0,0,0,0,0,0,0,0
0,0,0,0,0,0,33.333,0,0,0,0,0,0,0,0,0
0,0,0,0,0,0,33.333,0,0,0,0,0,0,0,0,0
0,0,0,0,0,0,0,0,0,0,0,0,0,0,0,0
0,0,0,0,0,0,0,0,0,0,0,0,0,0,0,0
0,0,0,0,0,0,0,0,0,0,0,33.333,0,0,0,0
0,0,0,0,0,0,0,0,0,0,0,0,0,0,0,0
0,0,0,0,0,0,0,0,0,0,0,0,0,0,0,0
0,0,0,0,0,0,0,0,0,0,0,0,0,0,0,0
0,0,0,0,0,0,0,0,0,0,0,33.333,0,0,0,0
0,0,0,0,0,0,0,0,0,0,0,0,0,0,0,0
0,0,0,0,0,0,0,0,0,0,0,0,0,0,0,0
0,0,0,0,0,0,0,0,0,0,0,33.333,0,0,0,0
0,0,0,0,0,0,0,0,0,0,0,0,0,0,0,0
0,0,0,0,0,0,0,0,0,0,0,0,0,0,0,0
0,0,0,0,0,0,0,0,0,0,0,0,0,0,0,0
0,0,0,0,0,0,0,0,0,0,0,0,0,0,0,0
0,0,0,0,0,0,0,0,0,0,0,0,0,0,0,0
0,0,0,0,0,0,0,0,0,0,0,0,0,0,0,0
0,0,0,0,0,0,0,0,0,0,0,0,0,0,0,0
0,0,0,0,0,0,0,0,0,0,0,0,0,0,0,0
0,0,0,0,0,0,0,0,0,0,0,0,0,0,0,0
0,0,0,0,0,0,0,0,0,0,0,0,0,0,0,0
1,0,0,0,0,0,0,0,0,0,0,0,0,0,0,0
1,0,0,0,0,0,0,0,0,0,0,0,0,0,0,0
0,0,0,0,0,0,0,0,0,0,0,0,0,0,0,0
0,0,0,0,0,0,0,0,0,0,0,0,0,0,0,0
0,0,0,0,0,0,0,0,0,0,0,0,0,0,0,0
0,0,0,0,0,0,0,0,0,0,0,0,0,0,0,0
0,0,0,0,0,0,0,0,0,0,0,0,0,0,0,0
0,0,0,0,0,0,0,0,0,0,0,0,0,0,0,0
0,0,0,0,0,0,0,0,0,0,0,0,0,0,0,0
0,0,0,0,0,0,0,0,0,0,0,0,0,0,0,0
0,0,0,0,0,0,0,0,0,0,0,0,0,0,0,0
0,0,0,0,0,0,0,0,0,0,0,0,0,0,0,0
0,0,0,0,0,0,0,0,0,0,0,0,0,0,0,0
0,0,0,0,0,0,0,0,0,0,0,0,0,0,0,0
0,0,0,0,0,0,0,0,0,0,0,0,0,0,0,0
1,0,0,0,0,0,0,0,0,0,0,0,0,0,0,0
1,0,0,0,0,0,0,0,0,0,0,0,0,0,0,0
1,0,0,0,0,0,0,0,0,0,0,0,0,0,0,0
0,0,0,0,0,0,0,0,0,0,0,0,0,0,0,0
1,0,0,0,0,0,0,0,0,0,0,0,0,0,0,0
0,0,0,0,0,0,0,0,0,0,0,0,0,0,0,0
1,0,0,0,0,0,0,0,0,0,0,0,0,0,0,0
0,0,0,0,0,0,0,0,0,0,0,0,0,0,0,0
0,0,0,0,0,0,0,0,0,0,0,0,0,0,0,0
0,0,0,0,0,0,0,0,0,0,0,0,0,0,0,0
0,0,0,0,0,0,0,0,0,0,0,0,0,0,0,0
0,0,0,0,0,0,0,0,0,0,0,0,0,0,0,0
0,0,0,0,0,0,0,0,0,0,0,0,0,0,0,0
0,0,0,0,0,0,0,0,0,0,0,0,0,0,0,0
0,0,0,0,0,0,0,0,0,0,0,0,0,0,0,0
0,0,0,0,0,0,0,0,33.333,0,0,0,0,0,0,0
0,0,0,0,0,0,0,0,33.333,0,0,0,0,0,0,0
0,0,0,0,0,0,0,0,33.333,0,0,0,0,0,0,0
0,0,0,0,0,0,0,0,33.333,25,0,0,0,0,0,0
0,0,0,0,0,0,0,0,33.333,25,0,0,0,0,0,0
0,0,0,0,0,0,0,0,33.333,50,0,0,0,0,0,0
0,0,0,0,0,0,0,0,33.333,50,0,0,0,0,0,0
0,0,0,0,0,0,0,0,66.667,50,0,0,0,0,0,0
0,0,0,0,0,0,0,0,66.667,0,0,0,0,0,0,0
0,0,0,0,0,0,0,0,33.333,0,0,0,0,0,0,0
0,0,0,0,0,0,0,0,0,0,0,0,0,0,0,0
0,0,0,0,0,0,0,0,0,0,0,0,0,0,0,0
0,0,0,0,0,0,0,0,0,0,0,0,0,0,0,0
0,0,0,0,0,0,0,0,0,0,0,0,0,0,0,0
0,0,0,0,0,0,0,0,0,0,0,0,0,0,0,0
0,0,0,0,0,0,0,0,0,0,0,0,0,0,0,0
0,0,0,0,0,0,0,0,33.333,0,0,0,0,0,0,0
0,0,0,0,0,0,0,0,66.667,0,0,0,0,0,0,0
1,0,0,0,0,0,0,0,66.667,0,0,0,0,0,0,0
1,0,0,0,0,0,0,0,100,0,0,0,0,0,0,0
1,0,0,0,0,0,0,0,100,0,0,0,0,0,0,0
1,0,0,0,0,0,0,0,66.667,0,0,0,0,0,0,0
1,0,0,0,0,0,0,0,66.667,0,0,0,0,0,0,0
0,0,0,0,0,0,0,0,66.667,0,0,0,0,0,0,0
0,0,0,0,0,0,0,0,66.667,0,0,0,0,0,0,0
0,0,0,0,0,0,0,0,66.667,0,0,0,0,0,0,0
0,0,0,0,0,0,0,0,33.333,0,0,0,0,0,0,0
0,0,0,0,0,0,0,0,0,0,0,0,0,0,0,0
0,0,0,0,0,0,0,0,0,0,0,0,0,0,0,0
0,0,0,0,0,0,0,0,0,0,0,0,0,0,0,0
0,0,33.333,0,0,0,0,0,0,0,0,0,0,0,0,0
0,0,100,0,0,0,0,0,0,0,0,0,0,0,0,0
0,0,100,0,0,0,0,0,0,0,0,0,0,0,0,0
0,0,100,0,0,0,0,0,0,0,0,0,0,0,0,0
0,0,66.667,0,0,0,0,0,0,0,0,0,0,0,0,0
0,0,33.333,0,0,0,0,0,0,0,0,0,0,0,0,0
0,0,0,0,0,0,0,0,0,0,0,0,0,0,0,0
0,0,0,0,0,0,0,0,0,0,0,0,0,0,0,0
0,0,0,0,0,0,0,0,0,0,0,0,0,0,0,0
0,0,0,0,0,0,0,0,0,0,0,0,0,0,0,0
0,0,0,0,0,0,0,0,0,0,0,0,0,0,0,0
0,0,0,0,0,0,0,0,0,0,0,0,0,0,0,0
0,0,0,0,0,0,0,0,0,0,0,0,0,0,0,0
0,0,0,0,0,0,0,0,0,0,0,0,0,0,0,0
0,0,0,0,0,0,0,0,0,0,0,0,0,0,0,0
0,0,0,0,0,0,0,0,0,0,0,0,0,0,0,0
0,0,0,0,0,0,0,0,0,0,0,0,0,0,0,0
0,0,0,0,0,0,0,0,0,0,0,0,0,0,0,0
0,0,0,0,0,0,0,0,0,0,0,0,0,0,0,0
0,0,0,0,0,0,0,0,0,0,0,0,0,0,0,0
0,0,0,0,0,0,0,0,0,0,0,0,0,0,0,0
0,0,0,0,0,0,0,0,0,0,0,0,0,0,25,0
0,0,0,0,0,0,0,0,0,0,0,0,0,0,0,0
0,0,0,0,0,0,0,0,0,0,0,0,0,0,0,0
0,0,0,0,0,0,0,0,0,0,0,0,0,0,0,0
0,0,0,0,0,0,0,0,0,0,0,0,0,0,0,0
1,0,0,0,0,0,0,0,0,0,0,0,0,0,0,0
1,0,0,0,0,0,0,0,0,0,0,0,0,0,0,0
1,0,0,0,0,0,0,0,0,0,0,0,0,0,0,0
1,0,0,0,0,0,0,0,0,0,0,0,0,0,0,0
0,0,0,0,0,0,0,0,0,0,0,0,0,0,0,0
0,0,0,0,0,0,0,0,0,0,0,0,0,0,0,0
0,0,0,0,0,0,0,0,0,0,0,0,0,0,0,0
0,0,0,0,0,0,0,0,0,0,0,0,0,0,0,0
0,0,0,0,33.333,0,0,0,0,0,0,0,0,0,0,0
0,0,0,0,66.667,0,0,0,0,0,0,0,0,0,0,0
0,0,0,0,33.333,0,0,0,0,0,0,0,0,0,0,0
0,0,0,0,0,0,0,0,0,0,0,0,0,0,0,0
0,0,0,0,0,0,0,0,0,0,0,0,0,0,0,0
0,0,0,0,0,0,0,0,0,0,0,0,0,0,0,0
1,0,0,0,0,0,0,0,0,0,0,0,0,0,0,0
1,0,0,0,0,0,0,0,0,0,0,0,0,0,0,0
1,0,0,0,0,0,0,0,0,0,0,0,0,0,0,0
1,0,0,0,0,0,0,0,0,0,0,0,0,0,0,0
1,0,0,0,0,0,0,0,0,0,0,0,0,0,0,0
1,0,0,0,0,0,0,0,0,0,0,0,0,0,0,0
1,0,0,0,0,0,0,0,0,0,0,0,0,0,0,0
0,0,0,0,0,0,0,0,0,0,0,0,0,0,0,0
0,0,0,0,0,0,0,0,0,0,0,0,0,0,0,0
0,0,0,0,0,0,0,0,0,0,0,0,0,0,0,0
0,0,0,0,0,0,0,0,0,0,0,0,0,0,0,0
1,0,0,0,0,0,0,0,0,0,0,0,0,0,0,0
1,0,0,0,0,0,0,0,0,0,0,0,0,0,0,0
1,0,0,0,0,0,0,0,0,0,0,0,0,0,0,0
1,0,0,0,0,0,0,0,0,0,0,0,0,0,0,0
0,16.667,0,0,0,0,0,0,0,0,0,0,0,0,0,0
0,33.333,0,0,0,0,0,0,0,0,0,0,0,0,0,0
0,33.333,0,0,0,0,0,0,0,0,0,0,0,0,0,0
0,16.667,0,0,0,0,0,0,0,0,0,0,0,0,0,0
0,0,0,0,0,0,0,0,0,0,0,0,0,0,0,0
0,16.667,0,0,0,0,0,0,0,0,0,0,0,0,0,0
0,0,0,0,0,0,0,0,0,0,0,0,0,0,0,0
0,0,0,0,0,0,0,0,0,0,0,0,0,0,0,0
0,0,0,0,0,0,0,0,0,0,0,0,0,0,0,0
0,0,0,0,0,0,0,0,0,0,0,0,0,0,0,0
1,0,0,0,0,0,0,0,0,0,0,0,0,0,0,0
1,0,0,0,0,0,0,0,0,0,0,0,0,0,0,0
0,0,0,0,0,0,0,0,0,0,0,0,0,0,0,0
0,0,0,0,0,0,0,0,0,0,0,0,0,0,0,0
0,0,0,0,0,0,0,0,0,0,0,0,0,0,0,0
0,0,0,0,0,0,0,0,0,0,0,0,0,0,0,0
0,0,0,0,0,0,0,0,0,0,0,0,0,0,0,0
0,0,0,0,0,0,0,0,0,0,0,0,0,0,0,0
0,0,0,0,0,0,0,0,0,0,0,0,0,0,0,0
0,0,0,0,0,0,0,0,0,0,0,0,0,0,0,0
0,0,0,0,0,0,0,0,0,0,0,0,0,0,0,0
0,0,0,0,0,0,0,0,0,0,0,0,0,0,0,0
0,0,0,0,0,0,0,0,0,0,0,0,0,0,0,0
0,0,0,0,0,0,0,0,0,0,0,0,0,0,0,0
0,0,0,0,0,0,0,0,0,0,0,0,0,0,0,0
0,0,0,0,0,0,0,0,0,0,0,0,0,0,0,0
0,0,0,0,0,0,0,0,0,0,0,0,0,0,0,0
0,0,0,0,0,0,0,0,0,0,0,0,0,0,0,0
0,0,0,0,0,0,0,0,0,0,0,0,0,0,0,0
0,0,0,0,0,0,0,0,0,0,0,0,0,0,0,0
0,0,0,0,0,0,0,0,0,0,0,0,0,0,0,0
0,0,0,0,0,0,0,0,0,0,33.333,0,0,0,0,0
0,40,0,0,0,0,0,0,0,0,33.333,0,0,0,0,0
0,40,0,0,0,0,0,0,0,0,66.667,0,0,0,0,0
0,20,0,0,0,0,0,0,0,0,66.667,0,0,0,0,0
0,20,0,0,0,0,0,0,0,0,66.667,0,0,0,0,0
0,20,0,0,0,0,0,0,0,0,33.333,0,0,0,0,0
0,20,0,0,0,0,0,0,0,0,33.333,0,0,0,0,0
0,20,0,0,0,0,0,0,0,0,0,0,0,0,0,0
0,20,20,0,0,0,0,0,0,25,0,0,0,0,0,0
0,20,20,0,0,0,0,0,0,0,0,0,0,0,0,0
0,0,20,0,0,0,0,0,0,0,0,0,0,0,0,0
0,0,0,0,0,0,0,0,0,0,0,0,0,0,0,0
0,0,0,0,0,0,0,0,0,0,0,0,0,0,0,0
0,0,0,0,0,0,0,0,0,0,0,0,0,0,0,0
1,0,0,0,0,0,0,0,0,0,0,0,0,0,0,0
0,0,0,0,0,0,0,0,0,0,0,0,0,0,0,0
1,0,0,0,0,0,0,0,0,0,0,0,0,0,0,0
1,0,0,0,0,0,0,0,0,0,0,0,0,0,0,0
1,0,0,0,0,0,0,0,0,0,0,0,0,0,0,0
0,0,0,0,0,0,0,0,0,0,0,0,0,0,0,0
0,0,0,0,0,0,0,0,0,0,0,0,0,0,0,0
0,0,0,0,0,0,0,0,0,0,0,0,0,0,0,0
0,0,0,0,0,0,0,0,0,0,0,0,0,0,0,0
0,0,0,0,0,0,0,0,0,0,0,0,0,0,0,0
0,0,0,0,0,0,0,0,0,0,0,0,0,0,0,0
0,0,0,0,0,0,0,0,0,0,0,0,0,0,0,0
0,0,0,0,0,0,0,0,0,0,0,0,0,0,0,0
0,0,0,0,0,0,0,0,0,0,0,0,0,0,0,0
0,0,0,0,0,0,0,0,0,0,33.333,0,0,0,0,0
0,0,0,0,0,0,0,0,0,0,33.333,0,0,0,0,0
0,0,0,0,0,0,0,0,0,0,33.333,0,0,0,0,0
0,0,0,0,0,0,0,0,0,0,0,0,0,0,0,0
0,0,0,0,0,0,0,0,0,0,0,0,0,0,0,0
0,0,0,0,0,0,0,0,0,0,0,0,0,0,0,0
0,0,0,0,0,0,0,0,0,0,33.333,0,0,0,0,0
1,0,0,0,0,0,0,0,0,0,33.333,0,0,0,0,0
1,0,40,0,0,0,0,0,0,0,33.333,0,0,0,0,0
1,0,20,0,0,0,0,0,0,0,33.333,0,0,0,0,0
1,0,0,0,0,0,0,0,0,0,0,0,0,0,0,0
1,0,0,0,0,0,0,0,0,0,0,0,0,0,0,0
1,20,0,0,0,0,0,0,0,0,0,0,0,0,0,0
1,80,0,0,0,0,0,0,0,0,0,0,0,0,0,0
0,80,0,0,0,0,0,0,0,0,0,0,0,0,0,0
0,80,0,0,0,0,0,0,0,0,0,0,0,0,0,0
0,60,0,0,0,0,0,0,0,0,0,0,0,0,0,0
0,40,0,0,0,0,0,0,0,0,0,0,0,0,0,0
0,20,0,0,0,0,0,0,0,0,0,0,0,0,0,0
0,0,0,0,0,0,0,0,0,0,0,0,0,0,0,0
0,0,20,0,0,0,0,0,0,0,0,0,0,0,0,0
0,0,40,0,0,0,0,0,0,0,0,0,0,0,0,0
1,0,40,0,0,0,0,0,0,0,0,0,0,0,0,0
1,0,40,0,0,0,0,0,0,0,0,0,0,0,0,0
1,0,20,0,0,0,0,0,0,0,0,0,0,0,0,0
1,0,0,0,0,0,0,0,0,0,0,0,0,0,0,0
1,0,0,0,0,0,0,0,0,0,0,0,0,0,0,0
1,0,20,0,0,0,0,0,0,0,0,0,0,0,0,0
1,0,0,0,0,0,0,0,0,0,0,0,0,0,0,0
1,0,0,0,0,0,0,0,0,0,0,0,0,0,0,0
1,0,0,0,0,0,0,0,0,0,0,0,0,0,0,0
1,0,0,0,0,0,0,0,0,0,0,0,0,0,0,0
0,0,0,0,0,0,0,0,0,0,0,0,0,0,0,0
0,0,0,0,0,0,0,0,0,0,0,0,0,0,0,0
0,0,16.667,0,0,0,0,0,0,0,0,0,0,0,0,0
0,0,33.333,0,0,0,0,0,0,0,0,0,0,0,0,0
0,0,50,0,0,0,0,0,0,0,0,0,0,0,0,0
0,0,66.667,0,0,0,0,0,0,0,0,0,0,0,0,0
0,0,83.333,0,0,0,0,0,0,0,0,0,0,0,0,0
0,0,66.667,0,0,0,0,0,0,0,0,0,0,0,0,0
0,0,50,0,0,0,0,0,0,0,0,0,0,0,0,0
0,0,33.333,0,0,0,0,0,0,0,0,0,0,0,0,0
0,0,16.667,0,0,0,0,0,0,0,0,0,0,0,0,0
0,0,16.667,0,0,0,0,0,0,0,0,0,0,0,0,0
1,0,16.667,0,0,0,0,0,0,0,0,0,0,0,0,0
1,0,16.667,0,0,0,0,0,0,0,0,0,0,0,0,0
1,0,16.667,0,0,0,0,0,0,0,0,0,0,0,0,0
1,0,16.667,0,0,0,0,0,0,0,0,0,0,0,0,0
1,0,16.667,0,0,0,0,0,0,0,0,0,0,0,0,0
1,0,16.667,0,0,0,0,0,0,0,0,0,0,0,0,0
1,0,16.667,0,0,0,0,0,0,0,0,0,0,0,0,0
1,0,16.667,0,0,0,0,0,0,0,0,0,0,0,0,0
1,0,16.667,0,0,0,0,0,0,0,0,0,0,0,0,0
1,0,16.667,0,0,0,0,0,0,0,0,0,0,0,0,0
1,0,16.667,0,0,0,0,0,0,0,0,0,0,0,0,0
1,0,16.667,0,0,0,0,0,0,0,0,0,0,0,0,0
1,0,16.667,0,0,0,0,0,0,0,0,0,0,0,0,0
0,0,16.667,0,0,0,0,0,0,0,0,0,0,0,0,0
0,0,0,0,0,0,0,0,0,0,0,0,0,0,0,0
0,0,0,0,0,0,0,0,0,0,0,0,0,0,0,0
0,0,0,0,0,0,0,0,0,0,0,0,0,0,0,0
0,0,0,0,0,0,0,0,0,0,0,0,0,0,0,0
0,0,0,0,0,0,0,0,0,0,0,0,0,0,0,0
0,0,0,0,0,0,0,0,0,0,0,0,0,0,0,0
0,0,0,0,0,0,0,0,0,0,0,0,0,0,0,0
0,0,0,0,0,0,0,0,0,0,0,0,0,0,0,0
0,0,0,0,0,0,0,0,0,0,0,0,0,0,0,0
0,0,0,0,0,0,0,0,0,0,0,0,0,0,0,0
0,0,0,0,0,0,0,0,0,0,0,0,0,0,0,0
0,0,0,0,0,0,0,0,0,0,0,0,0,0,0,0
0,0,0,0,0,0,0,0,0,0,0,0,0,0,0,0
0,0,0,0,0,0,0,0,0,0,0,0,0,0,0,0
0,0,0,0,0,0,0,0,0,0,0,0,0,0,0,0
1,0,0,0,0,0,0,0,0,0,0,0,0,0,0,0
1,0,0,0,0,0,0,0,0,0,0,0,0,0,0,0
1,0,0,0,0,0,0,0,0,0,0,0,0,0,0,0
1,0,0,0,0,0,0,0,0,0,0,0,0,0,0,0
0,0,0,0,0,0,0,0,0,0,0,0,0,0,0,0
0,0,0,0,0,0,0,0,0,0,0,0,0,0,0,0
0,0,0,0,0,0,0,0,0,0,0,0,0,0,0,0
0,0,0,0,0,0,0,0,0,0,0,0,0,0,0,0
0,0,0,0,0,0,0,0,0,0,0,0,0,0,0,0
0,0,0,0,0,0,0,0,0,0,0,0,0,0,0,0
0,0,0,0,0,0,0,0,0,0,0,0,0,0,0,0
0,0,0,0,0,0,0,0,0,0,0,0,0,0,0,0
0,0,0,0,0,0,0,0,0,0,0,0,0,0,0,0
1,0,0,0,0,0,0,0,0,0,0,0,0,0,0,0
1,0,0,0,0,0,0,0,0,0,0,0,0,0,0,0
1,0,0,0,0,0,0,0,0,0,0,0,0,0,0,0
1,0,0,0,0,0,0,0,0,0,0,0,0,0,0,0
1,0,0,0,0,0,0,0,0,0,0,0,0,0,0,0
0,0,0,0,0,0,0,0,0,0,0,0,0,0,0,0
0,0,0,0,0,0,0,0,0,0,0,0,0,0,0,0
0,0,0,0,0,0,0,0,0,0,0,0,0,0,0,0
0,0,0,0,0,0,0,0,20,0,0,0,0,0,0,0
1,0,0,0,0,0,0,0,0,0,0,0,0,0,0,0
1,0,0,0,0,0,0,0,0,0,0,0,0,0,0,0
1,0,0,0,0,0,0,0,0,0,0,0,0,0,0,0
0,0,0,0,0,0,0,0,0,0,0,0,0,0,0,0
0,0,0,0,0,0,0,0,0,0,0,0,0,0,0,0
0,0,0,0,0,0,0,0,0,0,0,0,0,0,0,0
0,0,0,0,0,0,0,0,0,0,0,0,0,0,0,0
0,0,0,0,0,0,0,0,0,0,0,0,0,0,0,0
0,0,0,0,0,0,0,0,0,0,0,0,0,0,66.667,0
0,0,0,0,0,0,0,0,0,0,0,0,0,0,100,0
0,0,0,0,0,0,0,0,0,0,0,0,0,0,66.667,0
0,0,0,0,0,0,0,0,0,0,0,0,0,0,33.333,0
0,0,0,0,0,0,0,0,0,0,0,0,0,0,33.333,0
0,0,0,0,0,0,0,0,0,0,0,0,0,0,33.333,0
0,0,0,0,0,0,0,0,20,0,0,0,0,0,33.333,0
0,0,0,0,0,0,0,0,40,0,0,0,0,0,0,0
0,0,0,0,0,0,0,0,60,0,0,0,0,0,0,0
0,0,0,0,0,0,0,0,60,0,0,0,0,0,0,0
0,0,0,0,0,0,0,0,40,0,0,0,0,0,0,0
0,0,0,0,0,0,0,0,20,0,0,0,0,0,0,0
0,0,0,0,0,0,0,0,0,0,0,0,0,0,0,0
0,0,0,0,0,0,0,0,0,0,0,0,0,0,0,0
0,0,0,0,0,0,0,0,0,0,0,0,0,0,0,0
0,0,0,0,0,0,0,0,0,0,0,0,0,0,0,0
1,0,0,0,0,0,0,0,0,0,0,0,0,0,0,0
1,0,0,0,0,0,0,0,20,0,0,0,0,0,0,0
1,0,0,0,0,0,0,0,20,0,0,0,0,0,0,0
1,0,0,0,0,0,0,0,20,0,0,0,0,0,0,0
1,0,0,0,0,0,0,0,20,0,0,0,0,0,0,0
1,0,0,0,0,0,0,0,0,0,0,0,0,0,0,0
1,0,0,0,0,0,0,0,0,0,0,0,0,0,0,0
1,0,0,0,0,0,0,0,0,0,0,0,0,0,0,0
1,0,0,0,0,0,0,0,0,0,0,0,0,0,0,0
1,0,0,0,0,0,0,0,0,0,0,0,0,0,0,0
1,0,0,0,0,0,0,0,0,0,0,0,0,0,0,0
1,0,0,0,0,0,0,0,0,0,0,0,0,0,0,0
1,0,0,0,0,0,0,0,0,0,0,0,0,0,0,0
0,0,0,0,0,0,0,0,0,0,0,0,0,0,0,0
0,0,0,0,0,0,0,0,0,0,0,0,0,0,0,0
0,0,0,0,0,0,0,0,0,0,0,0,0,0,0,0
0,0,0,0,0,0,0,0,0,0,0,0,0,0,0,0
0,0,0,0,0,0,0,0,0,0,0,0,0,0,0,0
0,0,0,0,0,0,0,0,0,0,0,0,0,0,0,0
0,0,0,0,0,0,0,0,0,0,0,0,0,0,0,0
0,0,0,0,0,0,0,0,0,0,0,0,0,0,0,0
0,0,0,0,0,0,0,0,0,0,0,0,0,0,0,0
0,0,0,0,0,0,0,0,0,0,0,0,0,0,0,0
0,0,0,0,0,0,0,0,0,0,0,0,0,0,0,0
0,0,0,0,0,0,0,0,0,0,0,0,0,0,0,0
0,0,0,0,0,0,0,0,0,0,0,0,0,0,0,0
0,0,0,0,0,0,0,0,0,0,0,0,0,0,0,0
0,0,0,0,0,0,0,0,0,0,0,0,0,0,0,0
0,0,0,0,0,0,0,0,0,0,0,0,0,0,0,0
0,0,0,0,0,0,0,0,0,0,0,0,0,0,0,0
0,0,0,0,0,0,0,0,0,20,0,0,0,0,0,0
0,0,14.286,0,0,0,0,0,0,20,0,0,0,0,0,0
0,0,0,0,0,0,0,0,0,20,0,0,0,0,0,0
0,0,0,0,0,0,0,0,0,0,0,0,0,0,0,0
0,0,0,0,0,0,0,0,0,0,0,0,0,0,0,0
0,0,0,0,0,0,0,0,0,0,0,0,0,0,0,0
1,0,0,0,0,0,0,0,0,0,0,0,0,0,0,0
1,0,0,0,0,0,0,0,0,0,0,0,0,0,0,0
1,0,0,0,0,0,0,0,0,0,0,0,0,0,0,0
0,0,0,0,0,0,0,0,0,0,0,0,0,0,0,0
0,0,0,0,0,0,0,0,0,0,0,0,0,0,0,0
0,0,0,0,0,0,0,0,0,0,0,0,0,0,0,0
0,0,0,0,0,0,0,0,0,0,0,0,0,0,0,0
0,0,0,0,0,0,0,0,0,0,0,0,0,0,0,0
0,0,0,0,0,0,0,0,0,20,0,0,0,0,0,0
0,0,0,0,0,0,0,0,0,20,0,0,0,0,0,0
0,0,0,0,0,0,0,0,0,20,0,0,0,0,0,0
0,0,0,0,0,0,0,0,0,0,0,0,0,0,0,0
1,0,0,0,0,0,0,0,0,0,0,0,0,0,0,0
0,0,0,0,0,0,0,0,0,0,0,0,0,0,0,0
0,0,0,0,0,0,0,0,0,0,0,0,0,0,0,0
0,0,0,0,0,0,0,0,0,0,0,0,0,0,0,0
0,0,0,0,0,0,0,0,0,0,0,0,0,0,0,0
0,0,0,0,0,0,0,0,0,0,0,0,0,0,0,0
0,0,0,0,0,0,0,0,0,0,0,0,0,0,0,0
0,0,0,0,0,0,0,0,0,0,0,0,0,0,0,0
0,0,0,0,0,0,0,0,0,0,0,0,0,0,0,0
0,0,0,0,0,0,0,0,0,0,0,0,0,0,0,0
0,0,0,0,0,0,0,0,0,0,0,0,0,0,0,0
0,0,0,0,0,0,0,0,0,0,0,0,0,0,0,0
0,0,0,0,0,0,0,0,0,0,0,0,0,0,0,0
0,0,0,0,0,0,0,0,0,0,0,0,0,0,0,0
0,0,0,0,0,0,0,0,0,0,0,0,0,0,0,0
0,0,0,0,0,0,0,0,0,0,0,0,0,0,0,0
0,0,0,0,0,0,0,0,0,0,0,0,0,0,0,0
0,0,0,0,0,0,0,0,0,0,0,0,0,0,0,0
0,0,0,0,0,0,0,0,0,0,0,0,0,0,0,0
0,0,0,0,0,0,0,0,0,0,0,0,0,0,0,0
0,0,0,0,0,0,0,0,0,0,0,0,0,0,0,0
0,0,0,0,0,0,0,0,0,0,0,0,0,0,0,0
0,0,0,0,0,0,0,0,0,0,0,0,0,0,0,0
0,0,0,0,0,0,0,0,0,0,0,0,0,0,0,0
0,0,0,0,0,0,0,0,0,0,0,0,0,0,0,25
0,0,0,0,0,0,0,0,0,0,0,0,0,0,0,0
0,0,0,0,0,0,0,0,0,0,0,0,0,0,0,0
0,0,0,0,0,0,0,0,0,0,0,0,0,0,0,0
0,0,0,0,0,0,0,0,0,0,0,0,0,0,0,0
0,0,0,0,0,0,0,0,0,0,0,0,0,0,0,0
0,0,0,0,0,0,0,0,0,0,0,0,0,0,0,0
0,0,0,0,0,0,0,0,0,0,0,0,0,0,0,0
0,0,0,0,0,0,0,0,0,0,0,0,0,0,0,0
0,0,0,0,0,0,0,0,0,0,0,0,0,0,0,0
0,0,0,0,0,0,0,0,0,0,0,0,0,0,0,0
0,0,0,0,0,0,0,0,0,0,0,0,0,0,0,0
0,0,0,0,0,0,0,0,0,0,0,0,0,0,0,0
0,0,0,0,0,0,0,0,0,0,0,0,0,0,0,0
0,0,0,0,0,0,0,0,0,0,0,0,0,0,0,0
0,0,0,0,0,0,0,0,0,0,0,0,0,0,0,0
0,0,0,0,0,0,0,0,0,0,0,0,0,0,0,0
0,0,0,0,0,0,0,0,0,0,0,0,0,0,0,0
0,0,0,0,0,0,0,0,0,0,0,0,0,0,0,0
0,0,0,0,0,0,0,0,0,0,0,0,0,0,0,0
0,0,28.571,0,0,0,0,0,0,0,0,0,0,0,0,0
0,0,42.857,0,0,0,0,0,0,0,0,0,0,0,0,0
0,0,42.857,0,0,0,0,0,0,0,0,0,0,0,0,0
0,0,42.857,0,0,0,0,0,0,0,0,0,0,0,0,0
0,0,57.143,0,0,0,0,0,0,0,0,0,0,0,0,0
0,0,42.857,0,0,0,0,0,0,0,0,0,0,0,0,0
0,0,28.571,0,0,0,0,0,0,0,0,0,0,0,0,0
0,0,14.286,0,0,0,0,0,0,0,0,0,0,0,0,0
0,0,0,0,0,0,0,0,0,0,0,0,0,0,0,0
0,0,0,0,0,0,0,0,0,0,0,0,0,0,0,0
0,0,0,0,0,0,0,0,0,0,0,0,0,0,0,0
0,0,14.286,0,0,0,0,0,0,0,0,0,0,0,0,0
0,0,14.286,0,0,0,0,0,0,0,0,0,0,0,0,0
0,0,14.286,0,0,0,0,0,0,0,0,0,0,0,0,0
0,0,0,0,0,0,0,0,0,0,0,0,0,0,0,0
0,0,14.286,0,0,0,0,0,0,0,0,0,0,0,0,0
0,0,14.286,0,0,0,0,0,0,0,0,0,0,0,0,0
0,0,14.286,0,0,0,0,0,0,0,0,0,0,0,0,0
1,0,0,0,0,0,0,0,0,0,16.667,0,0,0,0,0
1,0,0,0,0,0,0,0,0,0,16.667,0,0,0,0,0
1,0,0,0,0,0,0,0,0,0,16.667,0,0,0,0,0
1,0,0,0,0,0,0,0,0,0,16.667,0,0,0,0,0
1,0,0,0,0,0,0,0,0,0,0,0,0,0,0,0
1,0,0,0,0,0,0,0,0,0,0,0,0,0,0,0
1,0,0,0,0,0,0,0,0,0,0,0,0,0,0,0
1,0,0,0,0,0,0,0,0,0,0,0,0,0,0,0
1,0,0,0,0,0,0,0,0,0,0,0,0,0,0,0
1,0,0,0,0,0,0,0,0,0,0,0,0,0,0,0
0,0,0,0,0,0,0,0,0,0,0,0,0,0,0,0
0,0,0,0,0,0,0,0,0,0,0,0,0,0,0,0
1,0,0,0,0,0,0,0,0,0,0,0,0,0,0,0
1,0,0,0,0,0,0,0,0,0,0,0,0,0,0,0
1,0,0,0,0,0,0,0,0,0,0,0,0,0,0,0
1,0,0,0,0,0,0,0,0,0,0,0,0,0,0,0
1,0,0,0,0,0,0,0,0,0,0,0,0,0,0,0
1,0,0,0,0,0,0,0,0,0,0,0,0,0,0,0
1,0,0,0,0,0,0,0,0,0,0,0,0,0,0,0
1,0,0,0,0,0,0,0,0,0,0,0,0,0,0,0
1,0,0,0,0,0,0,0,0,0,0,0,0,0,0,0
1,0,0,0,0,0,0,0,0,0,0,0,0,0,0,0
1,0,0,0,0,0,0,0,0,0,0,0,0,0,0,0
0,0,0,0,0,0,0,0,0,0,0,0,0,0,0,0
0,0,0,0,0,0,0,0,0,0,0,0,0,0,0,0
0,0,0,0,0,0,0,0,0,0,0,0,0,0,0,0
0,0,0,0,0,0,0,0,0,0,0,0,0,0,0,0
0,0,0,0,0,0,0,0,0,0,0,0,0,0,0,0
0,0,0,0,0,0,0,0,0,0,0,0,0,0,0,0
0,0,0,0,0,0,0,0,0,0,0,0,0,0,0,0
0,0,0,0,0,0,0,0,0,0,0,0,0,0,0,0
1,0,0,0,0,0,0,0,0,0,0,0,0,0,0,0
1,0,0,0,0,0,0,0,0,0,0,0,0,0,0,0
0,0,0,0,0,0,0,0,0,0,0,0,0,0,0,0
1,0,0,0,0,0,0,0,0,0,0,0,0,0,0,0
0,0,0,0,0,0,0,0,0,0,0,0,0,0,0,0
0,0,0,0,0,0,0,0,0,0,0,0,0,0,0,0
0,0,0,0,0,0,0,0,0,0,0,0,0,0,0,0
0,0,0,0,0,0,0,0,0,0,0,0,0,0,0,0
0,0,0,0,0,0,0,0,0,0,0,0,0,0,0,0
1,0,0,0,0,0,0,0,0,0,0,0,0,0,0,0
1,0,0,0,0,0,0,0,0,0,0,0,0,0,0,0
1,0,0,0,0,0,0,0,0,0,0,0,0,0,0,0
1,0,0,0,0,0,0,0,0,0,0,0,0,0,0,0
1,0,0,0,0,0,0,0,0,0,0,0,0,0,0,0
0,0,0,0,0,0,0,0,33.333,0,0,0,0,0,0,0
0,0,0,0,0,0,0,0,33.333,0,0,0,0,0,0,0
0,0,0,0,0,0,0,0,33.333,0,0,0,0,0,0,0
0,0,0,0,0,0,0,0,33.333,0,0,0,0,0,0,0
0,0,0,0,0,0,0,0,33.333,0,0,0,0,0,0,0
0,0,0,0,0,0,0,0,66.667,0,0,0,0,0,0,0
0,0,0,0,0,0,0,0,66.667,0,0,0,25,0,0,0
1,0,0,0,0,0,0,0,66.667,0,0,0,25,0,0,0
1,0,0,0,0,0,0,0,66.667,0,33.333,0,25,0,0,0
1,0,0,0,0,0,0,0,66.667,0,33.333,0,25,0,0,0
1,0,0,0,0,0,0,0,100,0,33.333,0,25,0,0,0
1,0,0,0,0,0,0,0,100,0,33.333,0,0,0,0,0
1,0,0,0,0,0,0,0,100,0,33.333,0,0,0,0,0
0,0,0,0,0,0,0,0,100,25,33.333,0,0,0,0,0
0,0,0,0,0,0,0,0,100,25,0,0,0,0,0,0
0,0,0,0,0,0,0,0,66.667,25,0,0,0,0,0,0
0,0,0,0,0,0,0,0,33.333,25,0,0,0,0,0,0
0,0,0,0,0,0,0,0,33.333,25,0,0,25,0,0,0
0,0,0,0,0,0,0,0,33.333,25,0,0,50,0,0,0
0,0,0,0,0,0,0,0,33.333,0,0,0,50,0,0,0
1,0,0,0,0,0,0,0,33.333,0,0,0,50,0,0,0
1,0,0,0,0,0,33.333,0,33.333,0,0,0,50,0,0,0
0,0,0,0,0,0,33.333,0,33.333,0,0,0,50,0,0,0
0,0,0,0,0,0,33.333,0,66.667,0,0,0,50,0,0,0
0,0,0,0,0,0,33.333,0,66.667,0,0,0,25,0,0,0
0,0,0,0,0,0,0,0,66.667,0,0,0,25,0,0,0
0,0,0,0,0,0,0,0,66.667,0,0,0,25,0,0,0
0,0,0,0,0,0,0,0,66.667,0,0,0,0,0,0,0
0,0,0,0,0,0,0,0,33.333,0,0,0,0,0,0,0
0,0,0,0,0,0,0,0,33.333,0,0,0,0,0,0,0
0,0,0,0,0,0,0,0,33.333,0,0,0,25,0,0,0
0,0,0,0,0,0,0,0,33.333,0,0,0,25,0,0,0
0,0,0,0,0,0,0,0,33.333,0,0,0,25,0,0,0
0,0,0,0,0,0,0,0,66.667,0,0,0,25,0,0,0
0,0,0,0,0,0,0,0,66.667,0,0,0,50,0,0,0
0,0,0,0,0,0,0,0,66.667,0,0,0,50,0,0,0
0,0,0,0,0,0,0,0,33.333,0,0,0,25,0,0,0
0,0,0,0,0,0,0,0,33.333,0,0,0,25,0,0,0
0,0,0,0,0,0,0,0,33.333,0,0,0,25,0,0,0
0,0,0,0,0,0,0,0,66.667,0,0,0,25,0,0,0
0,0,0,0,0,0,0,0,66.667,0,0,0,25,0,0,0
0,0,0,0,0,0,0,0,66.667,0,0,0,0,0,0,0
0,0,0,0,0,0,0,0,66.667,0,0,0,0,0,0,0
0,0,0,0,0,0,0,0,66.667,0,0,0,0,0,0,0
0,0,0,0,0,0,0,0,66.667,0,0,0,0,0,0,0
0,0,0,0,0,0,0,0,100,0,0,0,0,0,0,0
0,0,0,0,0,0,0,0,100,0,0,0,0,0,0,0
1,0,0,0,0,0,0,0,100,0,0,0,0,0,0,0
1,0,0,0,0,0,0,0,100,0,0,0,0,0,0,0
1,0,0,0,0,0,0,0,100,0,0,0,0,0,0,0
1,0,0,0,0,0,0,0,100,0,0,0,0,0,0,0
1,0,0,0,0,0,0,0,100,0,0,0,0,0,0,0
1,0,0,0,0,0,0,0,66.667,0,0,0,0,0,0,0
1,0,0,0,0,0,0,0,66.667,0,0,0,0,0,0,0
1,0,0,0,0,0,0,0,100,0,0,0,0,0,0,0
1,0,0,0,0,0,0,0,100,0,0,0,0,0,0,0
1,0,0,0,0,0,0,0,100,0,33.333,0,0,0,0,0
1,0,0,0,0,0,0,0,100,0,33.333,0,0,0,0,0
1,0,0,0,0,0,0,0,100,0,33.333,0,0,0,0,0
1,0,0,0,0,0,0,0,100,25,33.333,0,0,0,0,0
1,0,0,0,0,0,0,0,66.667,25,33.333,0,0,0,0,0
1,0,0,0,0,0,0,0,33.333,25,33.333,0,0,0,0,0
0,0,0,0,0,0,0,0,33.333,25,33.333,0,0,0,0,0
0,0,0,0,0,0,0,0,33.333,25,0,0,0,0,0,0
0,0,0,0,0,0,0,0,33.333,25,0,0,0,0,0,0
0,0,0,0,0,0,0,0,20,0,0,0,0,0,0,0
0,0,0,0,0,0,0,0,40,0,0,0,0,0,0,0
0,0,0,0,0,0,0,0,40,0,0,0,0,0,0,0
0,0,0,0,0,0,0,0,40,0,0,0,0,0,0,0
1,0,0,0,0,0,0,0,40,0,0,0,0,0,0,0
1,0,0,0,0,0,0,0,60,0,0,0,0,0,0,0
1,0,0,0,0,0,0,0,60,0,0,0,20,0,0,0
1,0,0,0,0,0,0,0,80,0,0,0,20,0,0,0
1,0,0,0,0,0,0,0,80,0,0,0,40,0,0,0
1,0,0,0,0,0,0,0,100,0,0,0,40,0,0,0
1,0,0,0,0,0,0,0,100,0,16.667,0,40,0,0,0
1,0,0,0,0,0,0,0,100,0,33.333,0,40,0,0,0
1,0,0,0,0,0,0,0,100,0,16.667,0,40,0,0,0
1,0,0,0,0,0,0,0,100,0,16.667,0,20,0,0,0
1,0,0,0,0,0,0,0,100,0,16.667,0,40,0,0,0
1,0,0,0,0,0,0,0,100,0,16.667,0,40,16.667,0,0
1,0,0,0,0,0,0,0,100,0,0,0,40,16.667,0,0
1,0,0,0,0,0,0,0,100,0,0,0,40,0,0,0
0,0,0,0,0,0,0,0,100,0,0,0,40,0,0,0
0,0,0,0,0,0,0,0,100,0,0,0,40,0,0,0
0,0,0,0,0,0,0,0,100,0,16.667,0,40,0,0,0
0,0,0,0,0,0,0,0,100,0,16.667,0,20,0,0,0
0,0,0,0,0,0,0,0,100,0,16.667,0,40,0,0,0
0,0,0,0,0,0,0,0,100,0,16.667,0,40,16.667,0,0
0,0,0,0,0,0,0,0,100,0,16.667,0,40,0,0,0
0,0,0,0,0,0,0,0,100,0,0,0,40,0,0,0
0,0,0,0,0,0,0,0,100,0,0,0,40,0,0,0
1,0,0,0,0,0,0,0,100,0,0,0,40,0,0,0
1,0,0,0,0,0,0,0,100,0,0,0,40,0,0,0
1,0,0,0,0,0,0,0,100,0,0,0,40,0,0,0
1,0,0,0,0,0,0,0,100,0,0,0,40,0,0,0
1,0,0,0,0,0,0,0,100,0,0,0,40,0,0,0
1,0,0,0,0,0,0,0,100,0,0,0,40,0,0,0
1,0,0,0,0,0,0,0,100,0,0,0,20,0,0,0
1,0,0,0,0,0,0,0,100,0,0,0,20,0,0,0
1,0,0,0,0,0,0,0,100,0,0,0,20,0,0,0
1,0,0,0,0,0,0,0,100,0,0,0,40,0,0,0
1,0,0,0,0,0,0,0,100,0,0,0,40,0,0,0
1,0,0,0,0,0,0,0,100,0,0,0,20,0,0,0
0,0,0,0,0,0,0,0,100,0,0,0,20,0,0,0
0,0,0,0,0,0,0,0,100,0,0,0,20,0,0,0
0,0,0,0,0,0,0,0,100,0,0,0,20,0,0,0
0,0,0,0,0,0,0,0,80,0,0,0,20,0,0,0
0,0,0,0,0,0,0,0,60,0,0,0,20,0,0,0
0,0,0,0,0,0,0,0,0,0,0,0,0,0,0,0
0,0,0,0,0,0,0,0,0,0,0,0,0,0,0,0
0,0,0,0,0,0,0,0,0,0,0,0,0,0,0,0
0,0,0,0,0,0,0,0,0,0,0,0,0,0,0,0
0,0,0,0,0,0,0,0,0,0,0,0,0,0,0,0
0,0,0,0,0,0,0,0,0,0,0,0,0,0,0,0
0,0,0,0,0,0,0,0,0,0,0,0,0,0,0,0
0,0,0,0,0,0,0,0,0,0,25,0,0,0,0,0
0,0,0,0,0,0,0,0,0,0,25,0,0,0,0,0
0,0,0,0,0,0,0,0,0,0,25,0,0,0,0,0
0,0,0,0,0,0,0,0,0,0,25,0,0,0,0,0
0,0,0,0,0,0,0,0,0,0,25,25,0,0,0,0
0,0,0,0,0,0,0,0,0,0,25,0,0,0,0,0
0,0,0,0,0,0,0,0,0,0,25,0,0,0,0,0
0,0,0,0,0,0,0,0,0,0,25,0,0,0,0,0
0,0,0,0,0,0,0,0,0,0,25,0,0,0,0,0
0,0,0,0,0,0,0,0,0,0,25,0,0,0,0,0
0,0,0,0,0,0,0,0,0,0,25,0,0,0,0,0
0,0,0,0,0,0,0,0,0,0,25,0,0,0,0,0
0,0,0,0,0,0,0,0,0,0,0,0,0,0,0,0
0,0,0,0,0,0,0,0,0,0,0,0,0,0,0,0
0,0,0,0,0,0,0,0,0,0,0,0,0,0,0,0
0,0,0,0,0,0,0,0,0,0,0,0,0,0,0,0
0,0,0,0,0,0,0,0,0,0,0,0,0,0,0,0
0,0,0,0,0,0,0,0,0,0,0,25,0,0,0,0
0,0,0,0,0,0,0,0,0,0,0,0,0,0,0,0
0,0,0,0,0,0,0,0,0,0,0,0,0,0,0,0
0,0,0,0,0,0,0,0,0,0,0,0,0,0,0,0
0,0,0,0,0,0,0,0,0,0,0,0,0,0,0,0
0,0,0,0,0,0,0,0,0,0,25,0,0,0,0,0
0,0,0,0,0,0,0,0,0,0,50,0,0,0,0,0
0,0,0,0,0,0,0,0,0,0,50,0,0,0,0,0
0,0,0,0,0,0,0,0,0,0,100,0,0,0,0,0
0,0,0,0,0,0,0,0,0,0,75,0,0,0,0,0
0,0,0,0,0,0,0,0,0,0,50,25,0,0,0,0
0,0,0,0,0,0,0,0,0,0,50,25,0,0,0,0
0,0,0,0,0,0,0,0,0,0,25,25,0,0,0,0
0,0,0,0,0,0,0,0,0,0,0,25,0,0,0,0
0,0,0,0,0,0,0,0,0,0,0,0,0,0,0,0
0,0,0,0,0,0,0,0,0,0,0,0,0,0,25,0
0,0,0,0,0,0,0,0,0,0,0,0,0,0,0,0
0,0,0,0,0,0,0,0,0,0,25,0,0,0,0,0
0,0,0,0,0,0,0,0,0,0,50,0,0,0,0,0
0,0,0,0,0,0,0,0,0,0,50,0,0,0,0,0
0,0,0,0,0,0,0,0,0,0,25,0,0,0,0,0
0,0,0,0,0,0,0,0,0,0,0,0,0,0,0,0
0,0,0,0,0,0,0,0,0,0,0,0,0,0,0,0
0,0,0,0,0,0,0,0,0,0,0,0,0,0,0,0
0,0,0,0,0,0,0,0,0,0,0,0,0,0,0,0
0,0,0,0,0,0,0,0,0,0,0,0,0,0,0,0
0,0,0,0,0,0,0,0,0,0,0,0,0,0,0,0
0,0,0,0,0,0,0,0,0,0,0,0,0,0,0,0
0,0,0,0,0,0,0,0,0,0,0,0,0,0,0,0
0,0,0,0,0,0,0,0,0,0,0,0,0,0,0,0
0,0,0,0,0,0,0,0,0,0,0,0,0,0,0,0
0,0,0,0,0,0,0,0,0,0,0,0,0,0,0,0
0,0,0,0,0,0,0,0,0,0,0,0,0,0,0,0
0,0,0,0,0,0,0,0,0,0,0,0,0,0,0,0
0,0,0,0,0,0,0,0,0,0,0,0,0,0,0,0
0,0,0,0,0,0,0,0,0,0,0,0,0,0,0,0
0,0,0,0,0,0,0,0,0,0,0,0,0,0,0,0
0,0,0,0,0,0,0,0,0,0,0,0,0,0,0,0
0,0,0,0,0,0,0,0,0,0,0,0,0,0,0,0
0,0,0,0,0,0,0,0,0,0,0,0,0,0,0,0
0,0,0,0,0,0,0,0,0,0,0,0,0,0,0,0
0,0,0,0,0,0,0,0,0,0,0,0,0,0,0,0
0,0,0,0,0,0,0,0,0,0,0,0,0,0,0,0
1,0,0,0,0,0,0,0,0,0,0,0,0,0,0,0
0,0,0,0,0,0,0,0,0,0,0,0,0,0,0,0
0,0,0,0,0,0,0,0,0,0,0,0,0,0,0,0
0,0,0,0,0,0,0,0,0,0,0,0,0,0,0,0
0,0,0,0,0,0,0,0,0,0,0,0,0,0,0,0
0,0,0,0,0,0,0,0,0,0,0,0,0,0,0,0
0,0,33.333,0,0,0,0,0,0,0,0,0,0,0,0,0
0,0,0,0,0,0,0,0,0,0,0,0,0,0,0,0
0,0,0,0,0,0,0,0,0,0,0,0,0,0,0,0
0,0,0,0,0,0,0,0,0,0,0,0,0,0,0,0
0,0,0,0,0,0,0,0,0,0,0,0,0,0,0,0
1,0,0,0,0,0,0,0,0,0,0,0,0,0,0,0
0,0,0,0,0,0,0,0,0,0,0,0,0,0,0,0
0,0,0,0,0,0,0,0,0,0,0,0,0,0,0,0
0,0,0,0,0,0,0,0,0,0,0,0,0,0,0,0
0,0,0,0,0,0,0,0,0,0,0,0,0,0,0,0
0,0,0,0,0,0,0,0,0,0,0,0,0,0,0,0
0,0,0,0,0,0,0,0,0,0,0,0,0,0,0,0
0,0,0,0,0,0,0,0,0,0,0,0,0,0,0,0
0,0,33.333,0,0,0,0,0,0,0,0,0,0,0,0,0
0,0,0,0,0,0,0,0,0,0,0,0,0,0,0,0
0,0,0,0,0,0,0,0,0,0,0,0,0,0,0,0
0,0,0,0,0,0,0,0,0,0,0,0,0,0,0,0
0,0,0,0,0,0,0,0,0,0,0,0,0,0,0,0
0,0,0,0,0,0,0,0,0,0,0,0,0,0,0,0
0,16.667,0,0,0,0,0,0,0,0,0,0,0,0,0,0
0,16.667,0,0,0,0,0,0,0,0,0,0,0,0,0,0
0,16.667,0,0,0,0,0,0,0,0,0,0,0,0,0,0
0,16.667,0,0,0,0,0,0,0,0,0,0,0,0,0,0
0,33.333,0,0,0,0,0,0,0,0,0,0,0,0,0,0
0,33.333,0,0,0,0,0,0,0,0,0,0,0,0,0,0
0,33.333,0,0,0,0,0,0,0,0,0,0,0,0,0,0
0,33.333,0,0,0,0,0,0,0,0,0,0,0,0,0,0
0,33.333,0,0,0,0,0,0,0,0,0,0,0,0,0,0
0,33.333,0,0,0,0,0,0,0,0,0,0,0,0,0,0
0,33.333,0,0,0,0,0,0,0,0,0,0,0,0,0,0
0,50,0,0,0,0,0,0,0,0,0,0,0,0,0,0
0,50,0,0,0,0,0,0,0,0,0,0,0,0,0,0
0,50,0,0,0,0,0,0,0,0,0,0,0,0,0,0
0,50,0,0,0,0,0,0,0,0,0,0,0,0,0,0
0,50,0,0,0,0,0,0,0,0,0,0,0,0,0,0
0,50,0,0,0,0,0,0,0,0,0,0,0,0,0,0
0,66.667,0,0,0,0,0,0,0,0,0,0,0,0,0,0
0,83.333,0,0,0,0,0,0,0,0,0,0,0,0,0,0
0,66.667,0,0,0,0,0,0,0,0,0,0,0,0,0,0
0,66.667,0,0,0,0,0,0,0,0,0,0,0,0,0,0
0,50,0,0,0,0,0,0,0,0,0,0,0,0,0,0
0,50,0,0,0,0,0,0,0,0,0,0,0,0,0,0
0,33.333,0,0,0,0,0,0,0,0,0,0,0,0,0,0
1,33.333,0,0,0,0,0,0,0,0,0,0,0,0,0,0
1,33.333,0,0,0,0,0,0,0,0,0,0,0,0,0,0
1,33.333,0,0,0,0,0,0,0,0,0,0,0,0,0,0
1,16.667,0,0,0,0,0,0,0,0,0,0,0,0,0,0
1,16.667,0,0,0,0,0,0,0,0,0,0,0,0,0,0
0,16.667,0,0,0,0,0,0,0,0,0,0,0,0,0,0
0,0,0,0,0,0,0,0,0,0,0,0,0,0,0,0
0,0,0,0,0,0,0,0,0,0,0,0,0,0,0,0
0,0,0,0,0,0,0,0,0,0,0,0,0,0,0,0
0,0,0,0,0,0,0,0,0,0,0,0,0,0,0,0
0,0,0,0,0,0,0,0,0,0,0,0,0,0,0,0
0,0,0,0,0,0,0,0,0,0,0,0,0,0,0,0
0,0,0,0,0,0,0,0,0,0,0,0,0,0,0,0
0,0,0,0,0,0,0,0,0,0,0,0,0,0,0,0
0,0,0,0,0,0,0,0,0,0,0,0,0,0,0,0
1,0,0,0,0,0,0,0,0,0,0,0,0,0,0,0
0,0,0,0,0,0,0,0,0,0,0,0,0,0,0,0
0,0,0,0,0,0,0,0,0,0,0,0,0,0,0,0
0,0,0,0,0,0,0,0,0,0,0,0,0,0,0,0
0,0,0,0,0,0,0,0,0,0,0,0,0,0,0,0
0,0,0,0,0,0,0,0,0,0,0,0,0,0,0,0
0,0,0,0,0,0,0,0,0,0,0,0,0,0,0,0
0,0,0,0,0,0,0,0,0,0,0,0,0,0,0,0
0,0,0,0,0,0,0,0,0,0,0,0,0,0,0,0
0,0,0,0,0,0,0,0,0,0,0,0,0,0,0,0
0,0,0,0,0,0,0,0,0,0,0,0,0,0,0,0
0,0,0,0,0,0,0,0,0,0,0,0,0,0,0,0
0,0,0,0,0,0,0,0,0,0,0,0,0,0,0,0
0,0,0,0,0,0,0,0,0,0,0,0,0,0,0,0
0,0,0,0,0,0,0,0,0,0,0,0,0,0,0,0
0,0,0,0,0,0,0,0,0,0,0,0,0,0,0,0
0,0,0,0,0,0,0,0,0,0,0,0,0,0,0,0
0,0,0,0,0,0,0,0,0,0,0,0,0,0,0,0
0,0,0,0,0,0,0,0,0,0,0,0,0,0,0,0
0,0,0,0,0,0,0,0,0,0,0,0,0,0,0,0
0,0,0,0,0,0,0,0,0,0,0,0,0,0,0,0
0,0,0,0,0,0,0,0,0,0,0,0,0,0,0,0
0,0,0,0,0,0,0,0,0,0,0,0,0,0,0,0
0,0,0,0,0,0,0,0,0,0,0,0,0,0,0,0
0,0,0,0,0,0,0,0,0,0,0,0,0,0,0,0
0,0,0,0,0,0,0,0,0,0,0,0,0,0,0,0
0,0,0,0,0,0,0,0,0,0,0,0,0,0,0,0
0,0,0,0,0,0,0,0,0,0,0,0,0,0,0,0
1,0,0,0,0,0,0,0,0,0,0,0,0,0,0,0
1,0,0,0,0,0,0,0,0,0,0,0,0,0,0,0
0,0,0,0,0,0,0,0,0,0,0,0,0,0,0,0
0,0,0,0,0,0,0,0,0,0,0,0,0,0,0,0
0,0,0,0,0,0,0,0,0,0,0,0,0,0,0,0
0,0,0,0,0,0,0,0,0,0,25,0,0,0,0,0
0,0,0,0,0,0,0,0,0,0,0,0,0,0,0,0
0,0,0,0,0,0,0,0,0,25,0,0,0,0,0,0
0,0,0,0,0,0,0,0,0,0,0,0,0,0,0,0
0,0,0,0,0,0,0,0,0,0,0,0,0,0,0,0
0,0,0,0,0,0,0,0,0,0,25,0,0,0,0,0
0,0,0,0,0,0,0,0,0,0,0,0,0,0,0,0
0,0,0,0,0,0,0,0,0,0,25,0,0,0,0,0
0,0,0,0,0,0,0,0,0,0,0,0,0,0,0,0
0,0,0,0,0,0,0,0,0,0,0,0,0,0,0,0
0,0,0,0,0,0,0,0,0,0,0,0,0,0,0,0
0,0,0,0,0,0,0,0,0,0,0,0,0,0,0,0
0,0,0,0,0,0,0,0,0,0,0,0,0,0,0,0
0,0,0,0,0,0,0,0,0,0,0,0,0,0,0,0
1,0,0,0,0,0,0,0,0,0,0,0,0,0,0,0
1,0,0,0,0,0,0,0,0,0,0,0,0,0,0,0
1,0,0,0,0,0,0,0,0,0,0,0,0,0,0,0
1,0,0,0,0,0,0,0,0,0,0,0,0,0,0,0
1,0,0,0,0,0,0,0,0,0,0,0,0,0,0,0
1,0,0,0,0,0,0,0,0,0,0,0,0,0,0,0
1,0,0,0,0,0,0,0,0,0,0,0,0,0,0,0
1,0,0,0,0,0,0,0,0,0,0,0,0,0,0,0
1,0,0,0,0,0,0,0,0,0,0,0,0,0,0,0
0,0,0,0,0,0,0,0,0,0,0,0,0,0,0,0
0,0,0,0,0,0,0,0,0,0,0,0,0,0,0,0
0,0,33.333,0,0,0,0,0,0,0,0,0,0,0,0,0
0,0,0,0,0,0,0,0,0,0,0,0,0,0,0,0
0,0,0,0,0,0,0,0,0,0,0,0,0,0,0,0
0,0,0,0,0,0,0,0,0,0,0,0,0,0,0,0
0,0,0,0,0,0,0,0,0,0,0,0,0,0,0,0
0,0,0,0,0,0,0,0,0,0,0,0,0,0,0,0
0,0,0,0,0,0,0,0,0,0,0,0,0,0,0,0
0,0,0,0,0,0,0,0,0,0,0,0,0,0,0,0
0,0,0,0,0,0,0,0,66.667,0,0,0,0,0,0,0
0,0,0,0,0,0,0,0,66.667,0,0,0,0,0,0,0
0,0,0,0,0,0,0,0,66.667,0,25,0,0,0,0,0
0,0,0,0,0,0,0,0,66.667,0,0,0,0,0,0,0
1,0,0,0,0,0,0,0,66.667,0,0,0,0,0,0,0
1,0,0,0,0,0,0,0,100,0,0,0,0,0,0,0
1,0,0,0,0,0,0,0,100,0,0,0,0,0,0,0
1,0,0,0,0,0,0,0,100,0,0,0,0,0,0,0
1,0,0,0,0,0,0,0,100,0,0,0,0,0,0,0
0,0,0,0,0,0,0,0,100,0,0,0,0,0,0,0
1,0,0,0,0,0,0,0,100,0,0,0,0,0,0,0
1,0,0,0,0,0,0,0,100,0,0,0,0,0,0,0
1,0,0,0,0,0,0,0,66.667,0,0,0,0,0,0,0
0,0,0,0,0,0,0,0,0,0,0,0,0,0,0,0
0,0,0,0,0,0,0,0,0,0,0,0,0,0,0,0
0,0,0,0,0,0,0,0,0,0,0,0,0,0,0,0
0,0,0,0,0,0,0,0,0,0,0,0,0,0,0,0
1,0,0,0,0,0,0,0,0,0,0,0,0,0,0,0
1,0,0,0,0,0,0,0,0,0,0,0,0,0,0,0
1,0,0,0,0,0,0,0,0,0,0,0,0,0,0,0
1,0,0,0,0,0,0,0,0,0,0,0,0,0,0,0
1,0,0,0,0,0,0,0,0,0,0,0,0,0,0,0
1,14.286,0,0,0,0,0,0,0,0,0,0,0,0,0,0
1,42.857,0,0,0,0,0,0,0,0,0,0,0,0,0,0
1,28.571,0,0,0,0,0,0,0,0,0,0,0,0,0,0
1,0,0,0,0,0,0,0,0,0,0,0,0,0,0,0
1,0,0,0,0,0,0,0,0,0,0,0,0,0,0,0
1,0,0,0,0,0,0,0,0,0,0,0,0,0,0,0
1,0,0,0,0,0,0,0,0,0,0,0,0,0,0,0
1,0,0,0,0,0,0,0,0,0,0,0,0,0,0,0
1,0,0,0,0,0,0,0,0,0,0,0,0,0,0,0
1,0,0,0,0,0,0,0,0,0,0,0,0,0,0,0
1,14.286,0,0,0,0,0,0,0,0,0,0,0,0,0,0
1,42.857,0,0,0,0,0,0,0,0,0,0,0,0,0,0
1,28.571,0,0,0,0,0,0,0,0,0,0,0,0,0,0
1,14.286,0,0,0,0,0,0,0,0,0,0,0,0,0,0
1,14.286,0,0,0,0,0,0,0,0,0,0,0,0,0,0
1,14.286,0,0,0,0,0,0,0,0,0,0,0,0,0,0
1,0,0,0,0,0,0,0,0,0,0,0,0,0,0,0
1,0,0,0,0,0,0,0,0,0,0,0,0,0,0,0
1,0,0,0,0,0,0,0,0,0,0,0,0,0,0,0
1,0,0,0,0,0,0,0,0,0,0,0,0,0,0,0
1,0,0,0,0,0,0,0,0,0,0,0,0,0,0,0
0,0,0,0,0,0,0,0,0,0,0,0,0,0,0,0
0,0,0,0,0,0,0,0,0,0,0,0,0,0,0,0
0,14.286,0,0,0,0,0,0,0,0,0,0,0,0,0,0
0,28.571,0,0,0,0,0,0,0,0,0,0,0,0,0,0
0,14.286,0,0,0,0,0,0,0,0,0,0,0,0,0,0
0,0,0,0,0,0,0,0,0,0,0,0,0,0,0,0
0,0,0,0,0,0,0,0,0,0,0,0,0,0,0,0
0,0,0,0,0,0,0,0,0,0,0,0,0,0,0,0
1,0,0,0,0,0,0,0,0,0,0,0,0,0,0,0
0,0,0,0,0,0,0,0,0,0,0,0,0,0,0,0
0,0,0,0,0,0,0,0,0,0,0,0,0,0,0,0
0,0,0,0,0,0,0,0,0,0,0,0,0,0,0,0
0,0,0,0,0,0,0,0,0,0,0,0,0,0,0,0
0,0,0,0,0,0,0,0,0,0,0,0,0,0,0,0
0,0,0,0,0,0,0,0,0,0,0,0,0,0,0,0
0,0,0,0,0,0,0,0,0,0,0,0,0,0,0,0
0,28.571,0,0,0,0,0,0,0,0,0,0,0,0,0,0
0,14.286,0,0,0,0,0,0,0,0,0,0,0,0,0,0
0,14.286,0,0,0,0,0,0,0,0,0,0,0,0,0,0
0,0,0,0,0,0,0,0,0,0,0,0,0,0,0,0
0,0,0,0,0,0,0,0,0,0,0,0,0,0,0,0
0,0,20,0,0,0,0,0,0,0,0,0,0,0,0,0
0,0,20,0,0,0,0,0,0,0,0,0,0,0,0,0
0,0,20,0,0,0,0,0,0,0,0,0,0,0,0,0
0,0,20,0,0,0,0,0,0,0,0,0,0,0,0,0
0,0,20,0,0,0,0,0,0,0,0,0,0,0,0,0
0,0,0,0,0,0,0,0,0,0,0,0,0,0,0,0
0,0,0,0,0,0,0,0,0,0,0,0,0,0,0,0
1,0,0,0,0,0,0,0,0,0,0,0,0,0,0,0
1,0,0,0,0,0,0,0,0,0,0,0,0,0,0,0
1,0,0,0,0,0,0,0,0,0,0,0,0,0,0,0
1,0,20,0,0,0,0,0,0,0,0,0,0,0,0,0
1,0,20,0,0,0,0,0,0,0,0,0,0,0,0,0
1,0,20,0,0,0,0,0,0,0,0,0,0,0,0,0
1,0,40,0,0,0,0,0,0,0,0,0,0,0,0,0
1,0,80,0,0,0,0,0,0,0,0,0,0,0,0,0
1,0,80,0,0,0,0,0,0,0,0,0,0,0,0,0
1,0,100,0,0,0,0,0,0,0,0,0,0,0,0,0
1,0,80,0,0,0,0,0,0,0,0,0,0,0,0,0
1,0,60,0,0,0,0,0,0,0,0,0,0,0,0,0
0,0,60,0,0,0,0,0,0,0,0,0,0,0,0,0
0,0,40,0,0,0,0,0,0,0,0,0,0,0,0,0
0,12.5,40,0,0,0,0,0,0,0,0,0,0,0,0,0
0,12.5,20,0,0,0,0,0,0,0,0,0,0,0,0,0
1,12.5,20,0,0,0,0,0,0,0,0,0,0,0,0,0
1,0,20,0,0,0,0,0,0,0,0,0,0,0,0,0
1,0,20,0,0,0,0,0,0,0,0,0,0,0,0,0
0,0,20,0,0,0,0,0,0,0,0,0,0,0,0,0
0,0,40,0,0,0,0,0,0,0,0,0,0,0,0,0
0,0,60,0,0,0,0,0,0,0,0,0,0,0,0,0
0,0,60,0,25,0,0,0,0,0,0,0,0,0,0,0
0,0,60,0,25,0,0,0,0,0,0,0,0,0,0,0
0,0,60,0,50,0,0,0,0,0,0,0,0,0,0,0
0,0,60,0,50,0,0,0,0,0,0,0,0,0,0,0
0,0,60,0,75,0,0,0,0,0,0,0,0,0,0,0
0,0,80,0,50,0,0,0,0,0,0,0,0,0,0,0
0,0,80,0,25,0,0,0,0,0,0,0,0,0,0,0
0,0,60,0,25,0,0,0,0,0,0,0,0,0,0,0
0,0,40,0,25,0,0,0,0,0,0,0,0,0,0,0
0,0,60,0,25,0,0,0,0,0,0,0,0,0,0,0
0,0,60,0,25,0,0,0,0,0,0,0,0,0,0,0
0,0,60,0,25,0,0,0,0,0,0,0,0,0,0,0
1,0,40,0,25,0,0,0,0,0,0,0,0,0,0,0
1,0,40,0,25,0,0,0,0,0,0,0,0,0,0,0
1,0,40,0,0,0,0,0,0,0,0,0,0,0,0,0
1,0,20,0,0,0,0,0,0,0,0,0,0,0,0,0
1,0,0,0,0,0,0,0,0,0,0,0,0,0,0,0
1,0,0,0,0,0,0,0,0,0,0,0,0,0,0,0
1,0,0,0,0,0,0,0,0,0,0,0,0,0,0,0
0,0,0,0,0,0,0,0,0,0,0,0,0,0,0,0
0,0,0,0,0,0,0,0,0,0,0,0,0,0,0,0
0,0,0,0,0,0,0,0,0,0,0,0,0,0,0,0
0,0,0,0,0,0,0,0,0,0,0,0,0,0,0,0
0,0,0,0,0,0,0,0,0,0,0,0,0,0,0,0
0,0,0,0,0,0,0,0,0,0,0,0,0,0,0,0
0,0,0,0,0,0,0,0,0,0,0,0,0,0,0,0
0,0,0,0,0,0,0,0,12.5,0,0,0,0,0,0,0
0,0,0,0,0,0,0,0,12.5,0,0,0,0,0,0,0
0,0,0,0,0,0,0,0,12.5,0,0,0,0,0,0,0
0,0,0,0,0,0,0,0,12.5,0,0,0,0,0,0,0
0,0,0,0,0,0,0,0,12.5,0,0,0,0,0,0,0
0,0,0,0,0,0,0,0,12.5,0,0,0,0,0,0,0
0,0,0,0,0,0,0,0,12.5,0,0,0,0,0,0,0
0,0,0,0,0,0,0,0,12.5,0,0,0,0,0,0,0
0,0,0,0,0,0,0,0,12.5,0,0,0,0,0,0,0
0,0,0,0,0,0,0,0,25,0,0,0,0,0,0,0
0,0,0,0,0,0,0,0,37.5,0,0,0,0,0,0,0
0,0,0,0,0,0,0,0,25,0,0,0,0,0,0,0
0,0,0,0,0,0,0,0,25,0,0,0,0,0,0,0
0,0,0,0,0,0,0,0,25,0,0,0,0,0,0,0
0,0,0,0,0,0,0,0,37.5,0,0,0,0,0,0,0
0,0,0,0,0,0,0,0,37.5,0,0,0,0,0,0,0
0,0,0,0,0,0,0,0,25,0,0,0,0,0,0,0
1,0,0,0,0,0,0,0,25,0,0,0,0,0,0,0
1,0,0,0,0,0,0,0,37.5,0,0,0,0,0,0,0
1,0,0,0,0,0,0,0,25,0,0,0,0,0,0,0
0,0,0,0,0,0,0,0,25,0,0,0,0,0,0,0
0,0,0,0,0,0,0,0,25,0,0,0,0,0,0,0
0,0,0,0,0,0,0,0,25,0,0,0,0,0,0,0
0,0,0,0,0,0,0,0,25,0,0,0,0,0,0,0
0,0,0,0,0,0,0,0,25,0,0,0,0,0,0,0
0,0,0,0,0,0,0,0,12.5,0,0,0,0,0,0,0
0,0,0,0,0,0,0,0,25,0,0,0,0,0,0,0
0,0,0,0,0,0,0,0,25,0,0,0,0,0,0,0
0,0,0,0,0,0,0,0,25,0,0,0,0,0,0,0
1,0,0,0,0,0,0,0,37.5,0,0,0,0,0,0,0
1,0,0,0,0,0,0,0,37.5,0,0,0,0,0,0,0
1,0,0,0,0,0,0,0,50,0,0,0,0,0,0,0
1,0,0,0,0,0,0,0,62.5,0,0,0,0,0,0,0
1,0,0,0,0,0,0,0,62.5,0,0,0,0,0,0,0
0,0,0,0,0,0,0,0,50,0,0,0,0,0,0,0
0,0,0,0,0,0,0,0,37.5,0,0,0,0,0,0,0
0,0,0,0,0,0,0,0,25,0,0,0,0,0,0,0
0,0,0,0,0,0,0,0,12.5,0,0,0,0,0,0,0
0,0,0,0,0,0,0,0,12.5,0,0,0,0,0,0,0
0,0,0,0,0,0,0,0,12.5,0,0,0,0,0,0,0
0,0,0,0,0,0,0,0,12.5,0,0,0,0,0,0,0
0,0,0,0,0,0,0,0,12.5,0,0,0,0,0,0,0
0,0,0,0,0,0,0,0,12.5,0,0,0,0,0,0,0
0,0,0,0,0,0,0,0,12.5,0,0,0,0,0,0,0
0,0,0,0,0,0,0,0,25,0,0,0,0,0,0,0
0,0,0,0,0,0,0,0,12.5,0,0,0,0,0,0,0
0,0,0,0,0,0,0,0,12.5,0,0,0,0,0,0,0
0,0,0,0,0,0,0,0,12.5,0,0,0,0,0,0,0
0,0,0,0,0,0,0,0,25,0,0,0,0,0,0,0
0,0,0,0,0,0,0,0,37.5,0,0,0,0,0,0,0
0,0,0,0,0,0,0,0,37.5,0,0,0,0,0,0,0
0,0,0,0,0,0,0,0,50,0,0,0,0,0,0,0
0,0,0,0,0,0,0,0,62.5,0,0,0,0,0,0,0
1,0,0,0,0,0,0,0,62.5,0,0,0,0,0,0,0
1,0,0,0,0,0,0,0,62.5,0,0,0,0,0,0,0
1,0,0,0,0,0,0,0,75,0,0,0,0,0,0,0
1,0,0,0,0,0,0,0,62.5,0,0,0,0,0,0,0
1,0,0,0,0,0,0,0,50,0,0,0,0,0,0,0
1,0,0,0,0,0,0,0,37.5,0,0,0,0,0,0,0
1,0,0,0,0,0,0,0,37.5,0,0,0,0,0,0,0
0,0,0,0,0,0,0,0,37.5,0,0,0,0,0,0,0
0,0,0,0,0,0,0,0,25,0,0,0,0,0,0,0
0,0,0,0,0,0,0,0,25,0,0,0,0,0,0,0
0,0,0,0,0,0,0,0,12.5,0,0,0,0,0,0,0
0,0,0,0,0,0,0,0,12.5,0,0,0,0,0,0,0
0,0,0,0,0,0,0,0,12.5,0,0,0,0,0,0,0
0,0,0,0,0,0,0,0,25,0,0,0,0,0,0,0
0,0,0,0,0,0,0,0,37.5,0,0,0,0,0,0,0
1,0,0,0,0,0,0,0,50,0,0,0,0,0,0,0
1,0,0,0,0,0,0,0,50,0,0,0,0,0,0,0
1,0,0,0,0,0,0,0,62.5,0,0,0,0,0,0,0
1,0,0,0,0,0,0,0,50,0,0,0,0,0,0,0
1,0,0,0,0,0,0,0,50,0,0,0,0,0,0,0
0,0,0,0,0,0,0,0,37.5,0,0,0,0,0,0,0
0,0,0,0,0,0,0,0,37.5,0,0,0,0,0,0,0
0,0,0,0,0,0,0,0,25,0,0,0,0,0,0,0
0,0,0,0,0,0,0,0,25,0,0,0,0,0,0,0
0,0,0,0,0,0,0,0,12.5,0,0,0,0,0,0,0
0,0,0,0,0,0,0,0,25,0,0,0,0,0,0,0
0,0,0,0,0,0,0,0,37.5,0,0,0,0,0,0,0
0,0,0,0,0,0,0,0,50,0,0,0,0,0,0,0
0,0,0,0,0,0,0,0,50,0,0,0,0,0,0,0
1,0,0,0,0,0,0,0,50,0,0,0,0,0,0,0
1,0,0,0,0,0,0,0,50,0,0,0,0,0,0,0
1,0,0,0,0,0,0,0,50,0,0,0,0,0,0,0
1,0,0,0,0,0,0,0,50,0,0,0,0,0,0,0
1,0,0,0,0,0,0,0,37.5,0,0,0,0,0,0,0
1,0,0,0,0,0,0,0,37.5,0,0,0,0,0,0,0
0,0,0,0,0,0,0,0,37.5,0,0,0,0,0,0,0
0,0,0,0,0,0,0,0,37.5,0,0,0,0,0,0,0
0,0,0,0,0,0,0,0,0,0,0,0,0,0,0,0
0,0,0,0,0,0,0,0,25,0,0,0,0,0,0,0
0,0,0,0,0,0,0,0,25,0,0,0,0,0,0,0
0,0,0,0,0,0,0,0,25,0,0,0,0,0,0,20
0,0,0,0,0,0,0,0,50,0,0,0,0,0,0,40
0,0,33.333,0,0,0,0,0,0,0,0,0,0,0,0,20
0,0,66.667,0,0,0,0,0,0,0,0,0,0,0,0,20
0,25,66.667,0,0,0,0,0,0,0,0,0,0,0,0,20
0,25,66.667,0,0,0,0,0,0,0,0,0,0,0,0,20
0,25,33.333,0,0,0,0,0,0,0,0,0,0,0,0,20
0,25,0,0,0,0,0,0,0,0,0,0,0,0,0,0
0,50,0,0,0,0,0,0,0,0,0,0,0,0,0,0
0,50,0,0,0,0,0,0,0,0,0,0,0,0,0,0
0,75,0,0,0,0,0,0,0,0,0,0,0,0,0,0
0,75,0,0,0,0,0,0,0,0,0,0,0,0,0,0
0,75,0,0,0,0,0,0,0,0,0,0,0,0,0,0
0,75,0,0,0,0,0,0,0,0,0,0,0,0,0,0
0,50,0,0,0,0,0,0,0,0,0,0,0,0,0,0
0,25,0,0,0,0,0,0,0,0,0,0,0,0,0,0
0,50,0,0,0,0,0,0,0,0,0,0,0,0,0,0
0,50,0,0,0,0,0,0,0,0,0,0,0,0,0,0
0,50,0,0,0,0,0,0,0,0,0,0,0,0,0,0
0,50,0,0,0,0,0,0,0,0,0,0,0,0,0,0
0,50,0,0,0,0,0,0,0,0,0,0,0,0,0,0
0,50,0,0,0,0,0,0,0,0,0,0,0,0,0,0
0,25,0,0,0,0,0,0,0,0,0,0,0,0,0,0
0,25,0,0,0,0,0,0,0,0,0,0,0,0,0,0
0,0,0,0,0,0,0,0,0,0,0,0,0,0,0,0
0,0,0,0,0,0,0,0,0,0,0,0,0,0,0,0
0,0,0,0,0,0,0,0,0,0,0,0,0,0,0,0
0,0,0,0,0,0,0,0,0,0,0,0,0,0,0,0
0,0,0,0,0,0,0,0,0,0,0,0,0,0,0,0
0,0,0,0,0,0,0,0,0,0,0,0,0,0,0,0
0,0,0,0,0,0,0,0,0,0,0,0,0,0,0,0
0,0,0,0,0,0,0,0,0,0,0,0,0,0,0,0
0,0,0,0,0,0,0,0,0,0,0,0,0,0,0,0
0,0,0,0,0,0,0,0,0,0,0,0,0,0,0,0
0,0,0,0,0,0,0,0,0,0,0,0,0,0,0,0
0,0,0,0,0,0,0,0,0,0,0,0,0,0,0,0
0,0,0,0,0,0,0,0,0,0,0,0,0,0,0,0
0,0,0,0,0,0,0,0,0,0,0,0,0,0,0,0
0,0,0,0,0,0,0,0,0,0,0,0,0,0,0,0
0,0,0,0,0,0,0,0,0,0,0,0,0,0,0,0
0,0,0,0,0,0,0,0,0,0,0,0,0,0,0,0
0,0,0,0,0,0,0,0,0,0,0,0,0,0,0,0
0,0,0,0,0,0,0,0,0,0,0,0,0,0,0,0
0,0,0,0,0,0,0,0,0,0,0,0,0,0,0,0
0,0,0,0,0,0,0,0,0,0,0,0,0,0,0,0
0,0,0,0,0,0,0,0,0,0,0,0,0,0,0,0
0,0,0,0,0,0,0,0,0,0,0,0,0,0,0,0
0,0,0,0,0,0,0,0,0,0,0,0,0,0,0,0
0,0,0,0,0,0,0,0,0,0,0,0,0,0,0,0
0,0,0,0,0,0,0,0,0,0,0,0,0,0,0,0
1,0,0,0,0,0,0,0,0,0,0,0,0,0,0,0
1,0,0,0,0,0,0,0,0,0,0,0,0,0,0,0
1,0,0,0,0,0,0,0,0,0,0,0,0,0,0,0
1,0,0,0,0,0,0,0,0,0,0,0,0,0,0,0
1,0,0,0,0,0,0,0,0,0,0,0,0,0,0,0
1,0,0,0,0,0,0,0,0,0,0,0,0,0,0,0
1,0,0,0,0,0,0,0,0,0,0,0,0,0,0,0
1,0,0,0,0,0,0,0,0,0,0,0,0,0,0,0
1,0,0,0,0,0,0,0,0,0,0,0,0,0,0,0
1,0,0,0,0,0,0,0,0,0,0,0,0,0,0,0
0,0,0,0,0,0,0,0,0,0,0,0,0,0,0,0
0,0,0,0,0,0,0,0,0,0,0,0,0,0,0,0
0,0,0,0,0,0,0,0,0,0,0,0,0,0,0,0
0,0,0,0,0,0,0,0,0,0,0,0,0,0,0,0
0,0,0,0,0,0,0,0,0,0,0,0,0,0,0,0
0,0,0,0,0,0,0,0,0,0,0,0,0,0,0,0
0,0,0,0,0,0,0,0,0,0,0,0,0,0,0,0
0,0,0,0,0,0,0,0,0,0,0,0,0,0,0,0
0,0,0,0,0,0,0,0,0,0,0,0,0,0,0,0
0,0,0,0,0,0,0,0,0,0,0,0,0,0,0,0
1,0,0,0,0,0,0,0,0,0,0,0,0,0,0,0
1,0,0,0,0,0,0,0,0,0,0,0,0,0,0,0
1,0,0,0,0,0,0,0,0,0,0,0,0,0,0,0
1,0,0,0,0,0,0,0,0,0,0,0,0,0,0,0
1,0,0,0,0,0,0,0,0,0,0,0,0,0,0,0
1,0,0,0,0,0,0,0,0,0,0,0,0,0,0,0
1,0,0,0,0,0,0,0,0,0,0,0,0,0,0,0
0,0,0,0,0,0,0,0,0,0,0,0,0,0,0,0
0,0,0,0,0,0,0,0,0,0,0,0,0,0,0,0
0,0,0,0,0,0,0,0,0,0,0,0,0,0,0,0
1,0,0,0,0,0,0,0,0,0,0,0,0,0,0,0
0,0,0,0,0,0,0,0,0,0,0,0,0,0,0,0
1,0,0,0,0,0,0,0,0,0,0,0,0,0,0,0
1,0,0,0,0,0,0,0,0,0,0,0,0,0,0,0
1,0,0,0,0,0,0,0,0,0,0,0,0,0,0,0
1,0,0,0,0,0,0,0,0,0,0,0,0,0,0,0
1,0,0,0,0,0,0,0,0,0,0,0,0,0,0,0
0,0,0,0,0,0,0,0,0,0,0,0,0,0,0,0
0,0,0,0,0,0,0,0,0,0,0,0,0,0,0,0
0,0,0,0,0,0,0,0,0,0,0,0,0,0,0,0
0,0,0,0,0,0,0,0,0,0,0,0,0,0,0,0
0,0,0,0,0,0,0,0,0,0,0,0,0,0,0,0
0,0,0,0,0,0,0,0,0,0,0,0,0,0,0,0
0,0,0,0,0,0,0,0,0,0,0,0,0,0,0,0
0,0,0,0,0,0,0,0,0,0,0,0,0,0,0,0
0,0,0,0,0,0,0,0,0,0,0,0,0,0,0,0
0,0,0,0,0,0,0,0,0,0,0,0,0,0,0,0
0,0,0,0,0,0,0,0,0,0,0,0,0,0,0,0
0,0,0,0,0,0,0,0,0,0,0,0,0,0,0,0
0,0,0,0,0,0,0,0,0,0,0,0,0,0,0,0
0,0,0,0,0,0,0,0,0,0,0,0,0,0,0,0
0,0,0,0,0,0,0,0,0,0,0,0,0,0,0,0
0,0,0,0,0,0,0,0,0,0,0,0,0,0,0,0
1,0,0,0,0,0,0,0,0,0,0,0,0,0,0,0
1,0,0,0,0,0,0,0,0,0,0,0,0,0,0,0
1,0,0,0,0,0,0,0,0,0,0,0,0,0,0,0
1,0,0,0,0,0,0,0,0,0,0,0,0,0,0,0
1,0,0,0,0,0,0,0,0,0,0,0,0,0,0,0
1,0,0,0,0,0,0,0,0,0,0,0,0,0,0,0
1,0,0,0,0,0,0,0,0,0,0,0,0,0,0,0
0,0,0,0,0,0,0,0,0,0,0,0,0,0,0,0
0,0,0,0,0,0,0,0,0,0,0,0,0,0,0,0
1,0,0,0,0,0,0,0,0,0,0,0,0,0,0,0
1,0,0,0,0,0,0,0,0,0,0,0,0,0,0,0
1,0,0,0,0,0,0,0,0,0,0,0,0,0,0,0
1,0,0,0,0,0,0,0,0,0,0,0,0,0,0,0
1,0,0,0,0,0,0,0,0,0,0,0,0,0,0,0
1,0,0,0,0,0,0,0,0,0,0,0,0,0,0,0
1,0,0,0,0,0,0,0,0,0,0,0,0,0,0,0
1,0,0,0,0,0,0,0,0,0,0,0,0,0,0,0
0,0,0,0,0,0,0,0,0,0,0,0,0,0,0,0
0,0,0,0,0,0,0,0,0,0,0,0,0,0,0,0
1,0,0,0,0,0,0,0,0,0,0,0,0,0,0,0
1,0,0,0,0,0,0,0,0,0,0,0,0,0,0,0
1,0,0,0,0,0,0,0,0,0,0,0,0,0,0,0
1,0,0,0,0,0,0,0,0,0,0,0,0,0,0,0
1,0,0,0,0,0,0,0,0,0,0,0,0,0,0,0
0,0,0,0,0,0,0,0,0,0,0,0,0,0,0,0
0,0,0,0,0,0,0,0,0,0,0,0,0,0,0,0
0,0,20,0,0,0,0,0,0,0,0,0,0,0,0,0
0,0,40,0,0,0,0,0,0,0,0,0,0,0,0,0
0,0,60,0,0,0,0,0,0,0,0,0,0,0,0,0
0,0,80,0,0,0,0,0,0,0,0,0,0,0,0,0
0,0,100,0,0,0,0,0,0,0,0,0,0,0,0,0
0,0,80,0,0,0,0,0,0,0,0,0,0,0,0,0
0,0,20,0,0,0,0,0,0,0,0,0,0,0,0,0
0,0,0,0,0,0,0,0,0,0,0,0,0,0,0,0
0,0,0,0,0,0,0,0,0,0,0,0,0,0,0,0
0,0,0,0,0,0,0,0,0,0,0,0,0,0,0,0
0,0,0,0,0,0,0,0,0,0,0,16.667,0,0,0,0
0,0,0,0,0,0,0,0,0,0,0,16.667,0,0,0,0
0,0,0,0,0,0,0,0,0,0,0,33.333,0,0,0,0
0,0,0,0,0,0,0,0,0,0,0,33.333,0,0,0,0
0,0,0,0,0,0,0,0,16.667,0,0,33.333,0,0,0,0
0,0,0,0,0,0,0,0,16.667,0,0,33.333,0,0,0,0
0,0,0,0,0,0,0,0,16.667,0,0,33.333,0,0,0,0
0,0,0,0,0,0,0,0,16.667,0,0,33.333,0,0,0,0
0,0,0,0,0,0,0,0,16.667,0,0,16.667,0,0,0,0
0,0,0,0,0,0,0,0,16.667,0,0,0,0,0,0,0
0,0,0,0,0,0,0,0,16.667,0,0,0,0,0,0,0
0,0,0,0,0,0,0,0,0,0,0,0,0,0,0,0
0,0,0,0,0,0,0,0,0,0,33.333,0,20,0,0,0
1,0,0,0,0,0,0,0,0,0,0,0,0,0,0,0
1,0,0,0,0,0,0,0,0,0,0,0,0,0,0,0
1,0,0,0,0,0,0,0,0,0,0,0,0,0,0,0
1,0,0,0,0,0,0,0,0,0,0,0,0,0,0,0
1,0,0,0,0,0,0,0,0,0,0,0,0,0,0,0
0,0,0,0,0,0,0,0,0,0,0,0,0,0,0,0
0,0,0,0,0,0,0,0,0,0,0,0,0,0,0,0
0,0,0,0,0,0,0,0,0,0,0,0,0,0,0,0
0,0,0,0,0,0,0,0,0,0,0,0,0,0,0,0
0,0,0,0,0,0,0,0,0,0,0,0,0,0,0,0
0,0,0,0,0,0,0,0,0,0,0,0,0,0,0,0
0,0,0,0,0,0,0,0,0,0,0,0,0,0,0,0
1,0,0,0,0,0,0,0,0,0,0,0,0,0,0,0
1,0,0,0,0,0,0,0,0,0,0,0,0,0,0,0
1,0,0,0,0,0,0,0,0,0,0,0,0,0,0,0
1,0,0,0,0,0,0,0,0,0,0,0,0,0,0,0
1,0,0,0,0,0,0,0,0,0,0,0,0,0,0,0
1,0,0,0,0,0,0,0,0,0,0,0,0,0,0,0
1,0,0,0,0,0,0,0,0,0,0,0,0,0,0,0
1,0,0,0,0,0,0,0,0,0,0,0,0,0,0,0
1,0,0,0,0,0,0,0,0,0,0,0,0,0,0,0
1,0,0,0,0,0,0,0,0,0,0,0,0,0,0,0
1,0,0,0,0,0,0,0,0,0,0,0,20,0,0,0
1,0,0,0,0,0,0,0,0,0,33.333,0,20,0,0,0
1,0,0,0,0,0,0,0,0,14.286,33.333,0,20,0,0,0
1,0,0,0,0,0,0,0,0,0,33.333,0,20,0,0,0
1,0,0,0,0,0,0,0,0,0,33.333,0,0,0,0,0
1,0,0,0,0,0,0,0,0,0,66.667,0,0,0,0,0
0,0,0,0,0,0,0,0,0,0,66.667,0,0,0,0,0
0,0,0,0,0,0,0,0,0,0,0,0,0,0,0,0
0,0,0,0,0,0,0,0,0,0,0,0,0,0,0,0
1,0,0,0,0,0,0,0,0,0,0,0,0,0,0,0
1,0,0,0,0,0,0,0,0,0,0,0,0,0,0,0
1,0,0,0,0,0,0,0,0,0,0,0,0,0,0,0
1,0,0,0,0,0,0,0,0,0,0,0,0,0,0,0
1,0,0,0,0,0,0,0,0,0,0,0,0,0,0,0
1,0,20,0,0,0,0,0,0,0,0,0,0,0,0,0
1,0,40,0,0,0,0,0,0,0,0,0,0,0,0,0
1,0,80,0,0,0,0,0,0,0,0,0,0,0,0,0
1,0,60,0,0,0,0,0,0,0,0,0,0,0,0,0
1,0,40,0,0,0,0,0,0,0,0,0,0,0,0,0
1,0,40,0,0,0,0,0,0,14.286,0,0,0,0,0,0
1,0,20,0,0,0,0,0,0,14.286,0,0,0,0,0,0
0,0,20,0,0,0,0,0,0,0,0,0,0,0,0,0
0,0,20,0,0,0,0,0,0,14.286,0,0,0,0,0,0
0,0,0,0,0,0,0,0,0,14.286,0,0,0,0,0,0
0,0,0,0,0,0,0,0,0,0,0,0,20,0,0,0
0,0,0,0,0,0,0,0,0,14.286,0,0,20,0,0,0
1,0,0,0,0,0,0,0,0,0,0,0,20,0,0,0
1,0,0,0,0,0,0,0,0,0,0,0,20,0,0,0
1,0,0,0,0,0,0,0,0,0,0,0,20,0,0,0
1,0,0,0,0,0,0,0,0,0,0,0,20,0,0,0
1,0,0,0,0,0,0,0,0,0,0,0,20,0,0,0
1,0,0,0,0,0,0,0,0,0,0,0,0,0,0,0
1,0,0,0,0,0,0,0,0,0,0,0,0,0,0,0
1,0,0,0,0,0,0,0,0,0,0,0,0,0,0,0
1,0,0,0,0,0,0,0,0,0,0,0,0,0,0,0
1,0,0,0,0,0,0,0,0,0,0,0,0,0,0,0
1,0,0,0,0,0,0,0,0,0,0,0,0,0,0,0
0,0,0,0,0,0,0,0,0,0,0,0,0,0,0,0
0,0,0,0,0,0,0,0,0,0,0,0,0,0,0,0
0,0,0,0,0,0,0,0,0,0,0,0,0,0,0,0
0,0,0,0,0,0,0,0,0,0,0,0,0,0,0,0
0,0,0,0,0,0,0,0,0,0,0,0,0,0,0,0
0,0,0,0,0,0,0,0,0,0,0,0,0,0,0,0
0,0,0,0,0,0,0,0,0,0,0,0,0,0,0,0
0,0,0,0,0,0,0,0,0,0,0,0,0,0,0,0
0,0,0,0,0,0,0,0,0,0,0,0,0,0,0,0
0,0,0,0,0,0,0,0,0,0,0,0,0,0,0,0
0,0,0,0,0,0,0,0,0,0,0,0,0,0,0,0
0,0,0,0,0,0,0,0,0,0,0,0,0,0,0,0
0,0,0,0,0,0,0,0,0,0,0,0,0,0,0,0
0,0,0,0,0,0,0,0,0,0,0,33.333,0,0,0,0
0,0,0,0,0,0,0,0,0,0,0,0,0,0,0,0
0,0,0,0,0,0,0,0,0,0,0,0,0,0,0,0
0,0,0,0,0,0,0,0,0,0,0,0,0,0,0,0
0,0,0,0,0,0,0,0,0,0,0,0,0,0,0,0
0,0,0,0,0,0,0,0,0,0,0,0,0,0,0,0
0,0,0,0,0,0,0,0,0,0,0,0,0,0,0,0
0,0,0,0,0,0,0,0,0,0,0,0,0,0,0,0
0,0,0,0,0,0,0,0,0,0,0,33.333,0,0,0,0
0,0,0,0,0,0,0,0,0,0,0,66.667,0,0,0,0
0,0,0,0,0,0,0,0,0,0,0,66.667,0,0,0,0
0,0,0,0,0,0,0,0,0,0,0,66.667,0,0,0,0
0,0,0,0,0,0,0,0,0,0,0,66.667,0,0,0,0
0,0,0,0,0,0,0,0,0,0,0,33.333,0,0,0,0
0,0,0,0,0,0,0,0,0,0,0,0,0,0,0,0
0,0,0,0,0,0,0,0,0,0,0,0,0,0,25,0
0,0,0,0,0,0,0,14.286,0,0,0,0,0,0,25,0
0,0,0,0,0,0,0,0,0,0,0,0,0,0,0,0
0,0,0,0,0,0,0,0,0,0,0,0,0,0,25,0
0,0,0,0,0,0,0,0,0,0,0,0,0,0,0,0
0,0,0,0,0,0,0,0,0,0,0,0,0,0,0,0
0,0,0,0,0,0,0,0,0,0,0,0,0,0,0,0
0,0,0,0,0,0,0,0,0,0,0,0,0,0,0,0
1,0,0,0,0,0,0,0,0,0,0,0,0,0,0,0
0,0,0,0,0,0,0,0,0,0,0,0,0,0,0,0
0,0,0,0,0,0,0,0,0,0,0,0,0,0,0,0
0,0,0,0,0,0,0,0,0,0,0,0,0,0,0,0
0,0,0,0,0,0,0,0,0,0,0,0,0,0,0,0
0,0,0,0,0,0,0,0,0,0,0,0,0,0,0,0
0,0,0,0,0,0,0,0,0,0,0,0,0,0,0,0
0,0,0,0,0,0,0,0,0,0,0,0,0,0,0,0
0,0,0,0,0,0,0,0,0,0,0,0,0,0,0,0
0,0,0,0,0,0,0,0,0,0,0,0,0,0,0,0
0,0,0,0,0,0,0,0,0,0,0,0,0,0,0,0
0,0,0,0,0,0,0,0,0,0,0,0,0,0,0,0
0,0,0,0,0,0,0,0,0,0,0,0,0,0,0,0
0,0,0,0,0,0,0,0,33.333,0,0,0,0,0,0,0
0,0,0,0,0,0,0,0,66.667,0,0,0,0,0,0,0
0,0,0,0,0,0,0,0,66.667,0,0,0,25,0,0,0
0,0,0,0,0,0,0,0,66.667,0,0,0,25,0,0,0
0,0,0,0,0,0,0,0,66.667,0,0,0,25,0,0,0
0,0,0,0,0,0,0,0,100,0,0,0,25,0,0,0
1,0,0,0,0,0,0,0,100,0,0,0,25,0,0,0
1,0,0,0,0,0,0,0,100,0,0,0,25,0,0,0
1,0,0,0,0,0,0,0,100,0,0,0,25,0,0,0
1,0,0,0,0,0,0,0,100,0,0,0,0,0,0,0
1,0,0,0,0,0,0,0,100,0,0,0,0,0,0,0
1,0,0,0,0,0,0,0,100,0,0,0,25,0,0,0
0,0,0,0,0,0,0,0,100,0,0,0,25,0,0,0
0,0,0,0,0,0,0,0,100,0,0,0,0,0,0,0
0,0,0,0,0,0,0,0,100,0,0,0,0,0,0,0
0,0,0,0,0,0,0,0,66.667,0,0,0,0,0,0,0
0,0,0,0,0,0,0,0,66.667,0,0,0,25,0,0,0
1,0,0,0,0,0,0,0,66.667,0,0,0,25,0,0,0
1,0,0,0,0,0,0,0,66.667,0,0,0,25,0,0,0
1,0,0,0,0,0,0,0,100,0,0,0,25,0,0,0
1,0,0,0,0,0,0,0,100,0,0,0,0,0,0,0
1,0,0,0,0,0,0,0,100,0,0,0,25,0,0,0
1,0,0,0,0,0,0,0,100,0,0,0,25,0,0,0
1,0,0,0,0,0,0,0,100,0,0,0,50,0,0,0
1,0,0,0,0,0,0,0,100,0,0,0,50,0,0,0
1,0,0,0,0,0,0,0,100,0,0,0,25,0,0,0
1,0,0,0,0,0,0,0,100,0,0,0,25,0,0,0
1,0,0,0,0,0,0,0,66.667,0,0,0,25,0,0,0
1,0,0,0,0,0,0,0,66.667,0,0,0,0,0,0,0
0,0,0,0,0,0,0,0,0,0,0,0,0,0,0,0
0,0,0,0,0,0,0,0,0,0,0,0,0,0,0,0
0,0,0,0,0,0,0,0,33.333,0,0,0,0,0,0,0
1,0,0,0,0,0,0,0,33.333,0,0,0,0,0,0,0
1,0,0,0,0,0,0,0,33.333,0,0,0,25,0,0,0
1,0,0,0,0,0,0,0,66.667,0,0,0,25,0,0,0
1,0,0,0,0,0,0,0,66.667,0,0,0,25,0,0,0
1,0,0,0,0,0,0,0,66.667,0,0,0,25,0,0,0
1,0,0,0,0,0,0,0,66.667,0,0,0,0,0,0,0
0,0,0,0,0,0,0,0,66.667,0,0,0,0,0,0,0
0,0,0,0,0,0,0,0,33.333,0,0,0,0,0,0,0
0,0,0,0,0,0,0,0,0,0,0,0,0,0,0,0
0,0,0,0,0,0,0,0,0,0,0,0,0,0,0,0
0,0,0,0,0,0,0,0,0,0,0,0,0,0,0,0
0,0,0,0,0,0,0,0,0,0,0,0,25,0,0,0
1,0,0,0,0,0,0,0,33.333,0,0,0,25,0,0,0
1,0,0,0,0,0,0,0,66.667,0,0,0,25,0,0,0
1,0,0,0,0,0,0,0,66.667,0,0,0,25,0,0,0
1,0,0,0,0,0,0,0,66.667,0,0,0,25,0,0,0
1,0,0,0,0,0,0,0,66.667,0,0,0,50,0,0,0
1,0,0,0,0,0,0,0,33.333,0,0,0,50,0,0,0
1,0,0,0,0,0,0,0,33.333,0,0,0,50,0,0,0
1,0,0,0,0,0,0,0,33.333,0,0,0,25,0,0,0
1,0,0,0,0,0,0,0,33.333,0,0,0,50,0,0,0
1,0,0,0,0,0,0,0,66.667,0,0,0,50,0,0,0
1,0,0,0,0,0,0,0,66.667,0,0,0,50,0,0,0
0,0,0,0,0,0,0,0,66.667,0,0,0,50,0,0,0
0,0,0,0,0,0,0,0,0,0,0,0,0,0,0,0
0,0,0,0,0,0,0,0,0,0,0,0,0,0,0,0
0,0,0,0,0,0,0,0,0,0,0,0,0,0,0,0
0,0,0,0,0,0,0,0,0,0,0,0,0,33.333,0,0
0,0,0,0,0,0,0,0,0,0,0,0,0,0,0,0
0,0,0,0,0,0,0,0,0,0,0,0,0,0,0,0
0,0,0,0,0,0,0,0,0,0,0,0,0,0,0,0
1,0,0,0,0,0,0,0,0,0,0,0,0,0,0,0
1,0,0,0,0,0,0,0,0,0,0,0,0,0,0,0
1,0,0,0,0,0,0,0,0,0,0,0,0,0,0,0
1,0,0,0,0,0,0,0,0,0,0,0,0,0,0,0
0,0,0,0,0,0,0,0,0,0,0,0,0,0,0,0
0,0,0,0,0,0,0,0,0,0,0,0,0,0,0,0
0,0,0,0,0,0,0,0,0,0,0,0,0,33.333,0,0
0,0,0,0,0,0,0,0,0,0,0,0,0,0,0,0
0,0,0,0,0,0,0,0,0,0,0,0,0,33.333,0,0
0,0,0,0,0,0,0,0,0,0,0,0,0,33.333,0,0
0,0,0,0,0,0,0,0,0,0,0,0,0,33.333,0,0
0,0,0,0,0,0,0,0,0,0,0,0,0,0,0,0
1,0,0,0,0,0,0,0,0,0,0,0,0,0,0,0
1,0,0,0,0,0,0,0,0,0,0,0,0,0,0,0
1,0,0,0,0,0,0,0,0,0,0,0,0,0,0,0
1,0,0,0,0,0,0,0,0,0,0,0,0,0,0,0
1,0,0,0,0,0,0,0,0,0,0,0,0,0,0,0
0,0,0,0,0,0,0,0,0,0,0,0,0,0,0,0
0,0,0,0,0,0,0,0,0,0,0,0,0,0,0,0
0,0,0,0,0,0,0,0,0,0,0,0,0,0,0,0
0,0,0,0,0,0,0,0,0,0,0,0,0,0,0,0
0,0,0,0,0,0,0,0,0,0,0,0,0,0,0,0
1,0,0,0,0,0,0,0,0,0,0,0,0,0,0,0
1,0,0,0,0,0,0,0,0,0,0,0,0,0,0,0
1,0,0,0,0,0,0,0,0,0,0,0,0,0,0,0
1,0,33.333,0,0,0,0,0,0,0,0,0,0,0,0,0
1,0,66.667,0,0,0,0,0,0,0,0,0,0,0,0,0
1,0,100,0,0,0,0,0,0,0,0,0,0,0,0,0
1,0,100,0,0,0,0,0,0,0,0,0,0,0,0,0
1,0,66.667,0,0,0,0,0,0,0,0,0,0,0,0,0
1,0,33.333,0,0,0,0,0,0,0,0,0,0,0,0,0
1,0,0,0,0,0,0,0,0,0,0,0,0,0,0,0
0,0,0,0,0,0,0,0,0,0,0,0,0,0,0,0
0,0,0,0,0,0,0,0,12.5,0,0,0,0,0,0,0
0,0,0,0,0,0,0,0,12.5,0,0,0,0,0,0,0
0,0,0,0,0,0,0,0,12.5,0,0,0,0,0,0,0
0,0,0,0,0,0,0,0,12.5,0,0,0,0,0,0,0
0,0,0,0,0,0,0,0,12.5,0,0,0,0,0,0,0
0,0,0,0,0,0,0,0,12.5,0,0,0,0,0,0,0
0,0,0,0,0,0,0,0,12.5,0,0,0,0,0,0,0
1,0,0,0,0,0,0,0,37.5,0,0,0,0,0,0,0
1,0,0,0,0,0,0,0,50,0,0,0,0,0,0,0
1,0,0,0,0,0,0,0,50,0,0,0,0,0,0,0
1,0,0,0,0,0,0,0,50,0,0,0,0,0,0,0
1,0,0,0,0,0,0,0,62.5,0,0,0,0,0,0,0
1,0,0,0,0,0,0,0,75,0,0,0,0,0,0,0
1,0,0,0,0,0,0,0,87.5,0,0,0,0,0,0,0
1,0,0,0,0,0,0,0,87.5,0,0,0,0,0,0,0
1,0,0,0,0,0,0,0,75,0,0,0,0,0,0,0
1,0,0,0,0,0,0,0,62.5,0,0,0,0,0,0,0
1,0,0,0,0,0,0,0,62.5,0,0,0,0,0,0,0
0,0,0,0,0,0,0,0,62.5,0,0,0,0,0,0,0
0,0,0,0,0,0,0,0,62.5,0,0,0,0,0,0,0
0,0,0,0,0,0,0,0,62.5,0,0,0,0,0,33.333,0
0,0,0,0,0,0,0,0,50,0,0,0,0,0,33.333,0
0,0,0,0,0,0,0,0,50,0,0,0,0,0,33.333,0
0,0,0,0,0,0,0,0,50,0,0,0,0,0,33.333,0
0,0,0,0,0,0,0,0,37.5,0,0,0,0,0,33.333,0
0,0,0,0,0,0,0,0,37.5,0,0,0,0,0,0,0
0,0,0,0,0,0,0,0,37.5,0,0,0,0,0,33.333,0
0,0,0,0,0,0,0,0,37.5,0,0,0,0,0,0,0
0,0,0,0,0,0,0,0,37.5,0,0,0,0,0,0,0
0,0,0,0,0,0,0,0,37.5,0,0,0,14.286,0,0,0
0,0,0,0,0,0,0,0,37.5,0,0,0,0,0,0,0
0,0,0,0,0,0,0,0,37.5,0,0,0,14.286,0,0,0
0,0,0,0,0,0,0,0,37.5,0,0,0,0,0,0,0
0,0,0,0,0,0,0,0,37.5,0,0,0,0,0,0,0
0,0,0,0,0,0,0,0,37.5,0,0,0,0,0,0,0
0,0,0,0,0,0,0,0,37.5,0,0,0,0,0,0,0
0,0,0,0,0,0,0,0,50,0,0,0,0,0,0,0
1,0,0,0,0,0,0,0,50,0,0,0,0,0,0,0
1,0,0,0,0,0,0,0,62.5,0,0,0,0,0,0,0
1,0,0,0,0,0,0,0,62.5,0,0,0,0,0,0,0
1,0,0,0,0,0,0,0,62.5,16.667,0,0,0,0,0,0
1,0,0,0,0,0,0,0,62.5,16.667,0,0,0,0,0,0
1,0,0,0,0,0,0,0,62.5,16.667,0,0,0,0,0,0
1,0,0,0,0,0,0,0,62.5,16.667,0,0,0,0,0,0
1,0,0,0,0,0,0,0,75,16.667,0,0,0,0,0,0
1,0,0,0,0,0,0,0,75,16.667,0,0,0,0,0,0
0,0,0,0,0,0,0,0,62.5,16.667,0,0,0,0,0,0
0,0,0,0,0,0,0,0,62.5,16.667,0,0,0,0,0,0
0,0,0,0,0,0,0,0,0,0,0,0,0,0,0,0
0,0,0,0,0,0,0,0,0,0,0,0,0,0,0,0
0,0,0,0,0,0,0,0,0,0,0,0,0,0,0,0
0,0,0,0,0,0,0,0,0,0,0,0,0,0,0,0
0,0,0,0,0,0,0,0,0,0,0,0,0,0,0,0
0,0,0,0,0,0,0,0,0,0,0,0,0,0,0,0
1,0,0,0,0,0,0,0,0,0,0,0,0,0,0,0
1,0,0,0,0,0,0,0,0,0,0,0,0,0,0,0
1,0,0,0,0,0,0,0,0,0,0,0,0,0,0,0
1,0,0,0,0,0,0,0,0,0,0,0,0,0,0,0
1,0,0,0,0,0,0,0,0,0,0,0,0,0,0,0
1,0,0,0,0,0,0,0,0,0,0,0,0,0,0,0
1,0,0,0,0,0,0,0,0,0,0,0,0,0,0,0
0,0,0,0,0,0,0,0,0,0,0,0,0,0,0,0
1,0,0,0,0,0,0,0,0,0,0,0,0,0,0,0
0,0,0,0,0,0,0,0,0,0,0,0,0,0,0,0
0,0,0,0,0,0,0,0,0,0,0,0,0,0,0,0
0,0,0,0,0,0,0,0,0,0,0,0,0,0,0,0
1,0,0,0,0,0,0,0,0,0,0,0,0,0,0,0
1,0,0,0,0,0,0,0,0,0,0,0,0,0,0,0
1,0,0,0,0,0,0,0,0,0,0,0,0,0,0,0
1,0,0,0,0,0,0,0,0,0,0,0,0,0,0,0
1,0,0,0,0,0,0,0,0,0,0,0,0,0,0,0
1,0,0,0,0,0,0,0,0,0,0,0,0,0,0,0
1,0,0,0,0,0,0,0,0,0,0,0,0,0,0,0
1,0,0,0,0,0,0,0,0,0,0,0,0,0,0,0
1,0,0,0,0,0,0,0,0,0,0,0,0,0,0,0
1,0,0,0,0,0,0,0,0,0,0,0,0,0,0,0
1,0,0,0,0,0,0,0,0,0,0,0,0,0,0,0
1,0,0,0,0,0,0,0,0,0,0,0,0,0,0,0
0,0,0,0,0,0,0,0,0,0,0,0,0,0,0,0
0,0,0,0,0,0,0,0,0,0,0,0,0,0,0,0
0,0,0,0,0,0,0,0,0,0,0,0,0,0,0,0
0,0,0,0,0,0,0,0,0,0,0,0,0,0,0,0
0,0,0,0,0,0,0,0,0,0,0,0,0,0,0,0
1,0,0,0,0,0,0,0,0,0,0,0,0,0,0,0
1,0,0,0,0,0,0,0,0,0,0,0,0,0,0,0
1,0,0,0,0,0,0,0,0,0,0,0,0,0,0,0
1,0,0,0,0,0,0,0,0,0,0,0,0,0,0,0
1,0,0,0,0,0,0,0,0,0,0,0,0,0,0,0
1,0,0,0,0,0,0,0,0,0,0,0,0,0,0,0
1,0,0,0,0,0,0,0,0,0,0,0,0,0,0,0
1,0,0,0,0,0,0,0,0,0,0,0,0,0,0,0
1,0,0,0,0,0,0,0,0,0,0,0,0,0,0,0
1,0,0,0,0,0,0,0,0,0,0,0,0,0,0,0
1,0,0,0,0,0,0,0,0,0,0,0,0,0,0,0
1,0,0,0,0,0,0,0,0,0,0,0,0,0,0,0
0,0,0,0,0,0,0,0,0,0,0,0,0,0,0,0
1,0,0,0,0,0,0,0,0,0,0,0,0,0,0,0
1,0,0,0,0,0,0,0,0,0,0,0,0,0,0,0
1,0,0,0,0,0,0,0,0,0,0,0,0,0,0,0
1,0,0,0,0,0,0,0,0,0,0,0,0,0,0,0
1,0,0,0,0,0,0,0,0,0,0,0,0,0,0,0
1,0,0,0,0,0,0,0,0,0,0,0,0,0,0,0
1,0,0,0,0,0,0,0,0,0,0,0,0,0,0,0
1,0,0,0,0,0,0,0,0,0,0,0,0,0,0,0
0,0,0,0,0,0,0,0,0,0,0,0,0,0,0,0
0,0,0,0,0,0,0,0,0,0,0,0,0,0,0,0
0,0,0,0,0,0,0,0,0,0,0,0,0,0,0,0
0,0,0,0,0,0,0,0,0,0,0,0,0,0,0,0
0,0,0,0,0,0,0,0,0,0,0,0,0,0,0,0
0,0,0,0,0,0,0,0,0,0,0,0,0,0,0,0
0,0,20,0,0,0,0,0,0,0,0,0,0,0,0,0
0,0,0,0,0,0,0,0,0,0,0,0,0,0,0,0
0,0,20,0,0,0,0,0,0,0,0,0,0,0,0,0
0,0,0,0,0,0,0,0,0,0,0,0,0,0,0,0
0,0,20,0,0,0,0,0,0,0,0,0,0,0,0,0
0,0,40,0,0,0,0,0,0,0,0,0,0,0,0,0
0,0,20,0,0,0,0,0,0,0,0,0,0,0,0,0
0,0,0,0,0,0,0,0,0,0,0,0,0,0,0,0
0,0,0,0,0,0,0,0,0,0,0,0,0,0,0,0
0,0,0,0,0,0,0,0,0,0,0,0,0,0,0,0
1,0,0,0,0,0,0,0,0,0,0,0,0,0,0,0
1,0,0,0,0,0,0,0,0,0,0,0,0,0,0,0
0,0,0,0,0,0,0,0,0,0,0,0,0,0,0,0
1,0,0,0,0,0,0,0,0,0,0,0,0,0,0,0
1,0,0,0,0,0,0,0,0,0,0,0,0,0,0,0
1,0,0,0,0,0,0,0,0,0,0,0,0,0,0,0
0,0,0,0,0,0,0,0,0,0,0,0,0,0,0,0
1,0,0,0,0,0,0,0,0,0,0,0,0,0,0,0
1,0,0,0,0,0,0,0,0,0,0,0,0,0,0,0
0,0,0,0,0,0,0,0,0,0,0,0,0,0,0,0
0,0,0,0,0,0,0,0,0,0,0,0,0,0,0,0
0,0,0,0,0,0,0,0,0,0,0,0,0,0,0,0
0,12.5,0,0,0,0,0,0,0,0,0,0,0,0,0,0
0,25,0,0,0,0,0,0,0,0,0,0,0,0,0,0
0,37.5,0,0,0,0,0,0,0,0,0,0,0,0,0,0
0,12.5,0,0,0,0,0,0,0,0,0,0,0,0,0,0
0,12.5,0,0,0,0,0,0,0,33.333,0,0,0,0,0,0
0,12.5,0,0,0,0,0,0,0,0,0,0,0,0,0,0
0,12.5,0,0,0,0,0,0,0,0,0,0,0,0,0,0
0,0,0,0,0,0,0,0,0,0,0,0,0,0,0,0
0,0,0,0,0,0,0,0,0,0,0,0,0,0,0,0
0,0,0,0,0,0,0,0,0,0,0,0,0,0,0,0
0,0,0,0,0,0,0,0,0,0,0,0,0,0,0,0
1,0,0,0,0,0,0,0,0,0,0,0,0,0,0,0
1,0,0,0,0,0,0,0,0,0,0,0,0,0,0,0
1,0,0,0,0,0,0,0,0,0,0,0,0,0,0,0
1,0,0,0,0,0,0,0,0,0,0,0,0,0,0,0
1,0,0,0,0,0,0,0,0,0,0,0,0,0,0,0
1,0,0,0,0,0,0,0,0,0,0,0,0,0,0,0
1,25,0,0,0,0,0,0,0,0,0,0,0,0,0,0
1,0,0,0,0,0,0,0,0,0,0,0,0,0,0,0
1,12.5,0,0,0,0,0,0,0,0,0,0,0,0,0,0
1,0,0,0,0,0,0,0,0,0,0,0,0,0,0,0
1,25,0,0,0,0,0,0,0,0,0,0,0,0,0,0
1,12.5,0,0,0,0,0,0,0,0,0,0,0,0,0,0
0,12.5,0,0,0,0,0,0,0,0,0,0,0,0,0,0
1,12.5,0,0,0,0,0,0,0,0,0,0,0,0,0,0
0,12.5,0,0,0,0,0,0,0,0,0,0,0,0,0,0
0,0,0,0,0,0,0,0,0,0,0,0,0,0,0,0
0,0,0,0,0,0,0,0,0,0,0,0,0,0,0,0
0,0,0,0,0,0,0,0,0,0,0,0,0,0,0,0
0,0,0,0,0,0,0,0,0,0,0,0,0,0,0,0
0,0,14.286,0,0,0,0,0,0,0,0,0,0,0,0,0
0,0,28.571,0,0,0,0,0,0,0,0,0,0,0,0,0
0,0,14.286,0,0,0,0,0,0,0,0,0,0,0,0,0
0,0,0,0,0,0,0,0,0,0,0,0,0,0,0,0
0,0,0,0,0,0,0,0,0,0,0,0,0,0,0,0
0,0,0,0,0,0,0,0,0,0,0,0,0,0,0,0
0,0,0,0,0,0,0,0,0,0,0,0,0,0,0,0
0,0,0,0,0,0,0,0,0,0,0,0,0,0,0,0
0,0,0,0,0,0,0,0,0,0,0,0,0,0,0,0
0,0,0,0,0,0,0,0,0,0,0,0,0,0,0,0
0,0,0,0,0,0,0,0,0,0,0,0,0,0,0,0
0,0,0,0,0,0,0,0,0,0,0,0,0,0,0,0
0,0,0,0,0,0,0,0,0,0,0,0,0,0,0,0
0,0,0,0,0,0,0,0,0,0,0,0,0,0,0,0
0,0,0,0,0,0,0,0,0,0,0,0,0,0,0,0
0,0,0,0,0,0,0,0,0,0,0,0,0,0,0,0
1,0,0,0,0,0,0,0,0,0,0,0,0,0,0,0
1,0,0,0,0,0,0,0,0,0,0,0,0,0,0,0
1,0,0,0,0,0,0,0,0,0,0,0,0,0,0,0
1,0,0,0,0,0,0,0,0,0,0,0,0,0,0,0
1,0,0,0,0,0,0,0,0,0,0,0,0,0,0,0
0,0,0,0,0,0,0,0,0,0,0,0,0,0,0,0
0,0,0,0,0,0,0,0,0,0,0,0,0,0,0,0
0,0,0,0,0,0,0,0,0,0,0,0,0,0,0,0
0,0,0,0,0,0,0,0,0,0,0,0,0,0,0,0
0,0,0,0,0,0,0,0,0,0,0,0,0,0,0,0
1,0,0,0,0,0,0,0,0,0,0,0,0,0,0,0
1,0,0,0,0,0,0,0,0,0,0,0,0,0,0,0
0,0,0,0,0,0,0,0,0,0,0,0,0,0,0,0
0,0,0,0,0,0,0,0,0,0,0,0,0,0,0,0
0,0,0,0,0,0,0,0,0,0,0,0,0,0,0,0
0,0,0,0,0,0,0,0,0,0,0,0,0,0,0,0
0,0,0,0,0,0,0,0,0,0,0,0,0,0,0,0
0,0,0,0,0,0,0,0,0,0,0,0,0,0,0,0
0,0,0,0,0,0,0,0,0,0,0,0,0,0,0,0
0,0,0,0,0,0,0,0,0,0,0,0,0,0,0,0
1,0,0,0,0,0,0,0,0,0,0,0,0,0,0,0
1,0,0,0,0,0,0,0,0,0,0,0,0,0,0,0
1,0,0,0,0,0,0,0,0,0,0,0,0,0,0,0
1,0,0,0,0,0,0,0,0,0,0,0,0,0,0,0
0,0,0,0,0,0,0,0,0,0,0,0,0,0,0,0
0,0,0,0,0,0,0,0,0,0,0,0,0,0,0,0
0,0,0,0,0,0,0,0,0,0,0,0,0,0,0,0
0,0,0,0,0,0,0,0,0,0,0,0,0,0,0,0
0,0,0,0,0,0,0,0,0,0,0,0,0,0,0,0
0,0,0,0,0,0,0,0,0,0,0,0,0,0,0,0
0,0,0,0,0,0,0,0,0,0,0,0,0,0,0,0
0,0,0,0,0,0,0,0,0,0,0,0,0,0,0,0
0,0,0,0,0,0,0,0,0,0,0,0,0,0,0,0
0,0,0,0,0,0,0,0,0,0,0,0,0,0,0,0
0,0,0,0,0,0,0,0,0,0,0,0,0,0,0,0
0,0,0,0,0,0,0,0,0,0,0,0,0,0,0,0
0,0,0,0,0,0,0,0,0,0,0,0,0,0,0,0
0,0,0,0,0,0,0,0,0,0,0,0,0,0,0,0
0,0,20,0,0,0,0,0,0,0,0,0,0,0,0,0
0,0,40,0,0,0,0,0,0,0,0,0,0,0,0,0
0,0,20,0,0,0,0,0,0,0,0,0,0,0,0,0
0,0,20,0,0,0,0,0,0,0,0,0,0,0,0,0
0,0,20,0,0,0,0,0,0,0,0,0,0,0,0,0
0,0,40,0,0,0,0,0,0,0,0,0,0,0,0,0
0,0,40,0,0,0,0,0,0,0,0,0,0,0,0,0
0,0,20,0,0,0,0,0,0,0,0,0,0,0,0,0
0,0,0,0,0,0,0,0,0,0,0,0,0,0,0,0
0,0,0,0,0,0,0,0,0,0,0,0,0,0,0,0
0,0,0,0,0,0,0,0,0,0,0,0,0,0,0,0
1,0,0,0,0,0,0,0,0,0,0,0,0,0,0,0
1,0,0,0,0,0,0,0,0,0,0,0,0,0,0,0
1,0,0,0,0,0,0,0,0,0,0,0,0,0,0,0
1,0,0,0,0,0,0,0,0,0,0,0,0,0,0,0
1,0,0,0,0,0,0,0,0,0,0,0,0,0,0,0
1,0,0,0,0,0,0,0,0,0,0,0,0,0,0,0
0,0,0,0,0,0,0,0,0,0,0,0,0,0,0,0
0,0,0,0,0,0,0,0,0,0,0,0,0,0,0,0
0,0,0,0,0,0,0,0,0,0,0,0,0,0,0,0
0,0,0,0,0,0,0,0,0,0,0,0,0,0,0,0
0,0,0,0,0,0,0,0,0,0,0,0,0,0,0,0
0,0,0,0,0,0,0,0,0,0,0,0,0,0,0,0
0,0,0,0,0,0,0,0,0,0,0,0,0,0,0,0
0,0,0,0,0,0,0,0,0,0,0,0,0,0,0,0
0,0,0,0,0,0,0,0,0,0,0,0,0,0,0,0
0,0,0,0,0,0,0,0,0,0,0,0,0,0,0,0
0,0,0,0,0,0,0,0,0,0,0,0,0,0,0,0
0,0,0,0,0,0,0,0,0,0,0,0,0,0,0,0
0,0,0,0,0,0,0,0,0,0,0,0,0,0,0,0
0,0,0,0,0,0,0,0,0,0,0,0,0,0,0,0
0,0,0,0,0,0,0,0,0,0,0,0,0,0,0,0
0,0,0,0,0,0,0,0,0,0,0,0,0,0,0,0
0,0,0,0,0,0,0,0,0,0,0,0,0,0,0,0
1,0,0,0,0,0,0,0,0,0,0,0,0,0,0,0
1,0,0,0,0,0,0,0,0,0,0,0,0,0,0,0
1,0,0,0,0,0,0,0,0,0,0,0,0,0,0,0
1,0,0,0,0,0,0,0,0,0,0,0,0,0,0,0
1,0,0,0,0,0,0,0,0,0,0,0,0,0,0,0
1,0,0,0,0,0,0,0,0,0,0,0,0,0,0,0
1,0,0,0,0,0,0,0,0,0,0,0,0,0,0,0
1,0,0,0,0,0,0,0,0,0,0,0,0,0,0,0
1,0,0,0,0,0,0,0,0,0,0,0,0,0,0,0
1,0,0,0,0,0,0,0,0,0,0,0,0,0,0,0
1,0,0,0,0,0,0,0,0,0,0,0,0,0,0,0
1,0,0,0,0,0,0,0,0,0,0,0,0,0,0,0
1,0,0,0,0,0,0,0,0,0,0,0,0,0,0,0
1,0,0,0,0,0,0,0,0,0,0,0,0,0,0,0
1,0,0,0,0,0,0,0,0,0,0,0,0,0,0,0
1,0,0,0,0,0,0,0,0,0,0,0,0,0,0,0
0,0,0,0,0,0,0,0,0,0,0,0,0,0,0,0
0,0,0,0,0,0,0,0,0,0,0,0,0,0,0,0
0,0,0,0,0,0,0,0,0,0,0,0,0,0,0,0
0,0,0,0,0,0,0,0,0,0,0,0,0,0,0,0
0,0,0,0,0,0,0,0,0,0,0,0,0,0,0,0
0,12.5,0,0,0,0,0,0,0,0,0,0,0,0,0,0
0,0,0,0,0,0,0,0,0,0,0,0,0,0,0,0
0,12.5,0,0,0,0,0,0,0,0,0,0,0,0,0,0
0,0,0,0,0,0,0,0,0,0,0,0,0,0,0,0
0,0,0,0,0,0,0,0,0,0,0,0,0,0,0,0
0,0,0,0,0,0,0,0,0,0,0,0,0,0,0,0
0,0,0,0,0,0,0,0,0,0,0,0,0,0,0,0
1,0,0,0,0,0,0,0,0,0,0,0,0,0,0,0
1,0,0,0,0,0,0,0,0,0,0,0,0,0,0,0
1,0,0,0,0,0,0,0,0,0,0,0,0,0,0,0
1,0,0,0,0,0,0,0,0,0,0,0,0,0,0,0
1,0,0,0,0,0,0,0,0,0,0,0,0,0,0,0
1,0,0,0,0,0,0,0,0,0,0,0,0,0,0,0
0,0,0,0,0,0,0,0,0,0,0,0,0,0,0,0
0,0,0,0,0,0,0,0,0,0,0,0,0,0,0,0
0,12.5,0,0,0,0,0,0,0,0,0,0,0,0,0,0
0,25,0,0,0,0,0,0,0,0,0,0,0,0,0,0
0,37.5,0,0,0,0,0,0,0,0,0,0,0,0,0,0
0,50,0,0,0,0,0,0,0,0,0,0,0,0,0,0
0,37.5,0,0,0,0,0,0,0,0,0,0,0,0,0,0
0,25,0,0,0,0,0,0,0,0,0,0,0,0,0,0
0,12.5,0,0,0,0,0,0,0,0,0,0,0,0,0,0
0,12.5,0,0,0,0,0,0,0,0,0,0,0,0,0,0
1,12.5,0,0,0,0,0,0,0,0,0,0,0,0,0,0
1,12.5,0,0,0,0,0,0,0,0,0,0,0,0,0,0
1,12.5,0,0,0,0,0,0,0,0,0,0,0,0,0,0
1,0,0,0,0,0,0,0,0,0,0,0,0,0,0,0
1,0,0,0,0,0,0,0,0,0,0,0,0,0,0,0
1,0,0,0,0,0,0,0,0,0,0,0,0,0,0,0
1,0,0,0,0,0,0,0,0,0,0,0,0,0,0,0
1,0,0,0,0,0,0,0,0,0,0,0,0,0,0,0
0,0,0,0,0,0,0,0,0,0,0,0,0,0,0,0
0,0,0,0,0,0,0,0,0,0,0,0,0,0,0,0
1,0,0,0,0,0,0,0,0,0,0,0,0,0,0,0
0,0,0,0,0,0,0,0,0,0,0,0,0,0,0,0
0,0,0,0,0,0,0,0,0,0,0,0,0,0,0,0
0,0,0,0,0,0,0,0,0,0,0,0,0,0,0,0
0,0,0,0,0,0,0,0,0,0,0,0,0,0,0,0
0,0,0,0,0,0,0,0,0,0,0,0,0,0,0,0
0,0,0,0,0,0,0,0,0,0,0,0,0,0,0,0
0,0,0,0,0,0,0,0,0,0,0,0,0,0,0,0
0,0,0,0,0,0,0,0,0,0,0,0,0,0,0,0
0,0,0,0,0,0,0,0,0,0,0,0,0,0,0,0
0,0,0,0,0,0,0,0,0,0,0,0,0,0,0,0
0,0,0,0,0,0,0,0,0,0,0,0,0,0,0,0
0,0,0,0,0,0,0,0,0,0,0,0,0,0,0,0
0,0,0,0,0,0,0,0,0,0,0,0,0,0,0,0
0,0,0,0,0,0,0,0,0,0,0,0,0,0,0,0
0,0,0,0,0,0,0,0,0,0,0,0,0,0,0,0
0,0,0,0,0,0,0,0,0,0,0,0,0,0,0,0
0,0,0,0,0,0,0,0,0,0,0,0,0,0,0,0
0,0,0,0,0,0,0,0,0,0,0,0,0,0,0,0
0,0,0,0,0,0,0,0,0,0,0,0,0,0,0,0
0,0,0,0,0,0,0,0,0,0,0,0,0,0,0,0
0,0,0,0,0,0,0,0,0,0,0,0,0,0,0,0
0,0,16.667,0,0,0,0,0,0,0,0,0,0,0,0,0
0,0,0,0,0,0,0,0,0,0,0,0,0,0,0,0
0,0,0,0,0,0,0,0,0,0,0,0,0,0,0,0
1,0,0,0,0,0,0,0,0,0,0,0,0,0,0,0
1,0,0,0,0,0,0,0,0,0,0,0,0,0,0,0
1,0,0,0,0,0,0,0,0,0,0,0,0,0,0,0
1,0,0,0,0,0,0,0,0,0,0,0,0,0,0,0
1,0,0,0,0,0,0,0,0,0,0,0,0,0,0,0
1,0,0,0,0,0,0,0,0,0,0,0,0,0,0,0
0,0,0,0,0,0,0,0,0,0,0,0,0,0,0,0
0,0,0,0,0,0,0,0,0,0,0,0,0,0,0,0
0,0,0,0,0,0,0,0,0,0,0,0,0,0,0,0
0,0,0,0,0,0,0,0,0,0,0,0,0,0,0,0
0,0,0,0,0,0,0,0,0,0,0,0,0,0,0,0
0,0,0,0,0,0,0,0,0,0,0,0,0,0,0,0
1,0,0,0,0,0,0,0,0,0,0,0,0,0,0,0
1,0,0,0,0,0,0,0,0,0,0,0,0,0,0,0
1,0,0,0,0,0,0,0,0,0,0,0,0,0,0,0
1,0,0,0,0,0,0,0,0,0,0,0,0,0,0,0
1,0,0,0,0,0,0,0,0,0,0,0,0,0,0,0
1,0,16.667,0,0,0,0,0,0,0,0,0,0,0,0,0
1,0,0,0,0,0,0,0,0,0,0,0,0,0,0,0
1,0,0,0,0,0,0,0,0,0,0,0,0,0,0,0
0,0,0,0,0,0,0,0,0,0,0,0,0,0,0,0
0,0,0,0,0,0,0,0,0,0,0,0,0,0,0,0
0,0,0,0,0,0,0,0,0,0,0,25,0,0,0,0
0,0,33.333,0,0,0,0,0,0,0,0,25,0,0,0,0
0,0,66.667,0,0,0,0,0,0,0,0,25,0,0,0,0
0,0,66.667,0,0,0,0,0,0,0,0,25,0,0,0,33.333
0,0,66.667,0,0,0,0,0,0,0,0,25,0,0,0,33.333
0,0,100,0,0,0,0,0,0,0,0,25,0,0,0,33.333
0,0,100,0,0,0,0,0,0,0,0,25,0,0,0,0
0,0,66.667,0,0,0,0,0,0,0,0,25,0,0,0,0
0,0,66.667,0,0,0,0,0,0,0,0,0,0,0,0,0
0,0,33.333,0,0,0,0,0,0,0,0,0,0,0,0,0
0,0,33.333,0,0,0,0,0,0,0,0,0,0,0,0,0
0,25,33.333,0,0,0,0,0,0,0,0,0,0,0,0,0
0,0,33.333,0,0,0,0,0,0,0,0,0,0,0,0,0
0,0,33.333,0,0,0,0,0,0,0,0,0,0,0,0,0
0,0,33.333,0,0,0,0,0,0,0,0,0,0,0,0,0
0,0,33.333,0,0,0,0,0,0,0,0,0,0,0,0,0
0,0,33.333,0,0,0,0,0,0,0,0,25,0,0,0,0
0,0,0,0,0,0,0,0,0,0,0,25,0,0,0,0
0,0,0,0,0,0,0,0,0,0,0,25,0,0,0,0
0,0,0,0,0,0,0,0,0,0,0,0,0,0,0,0
0,0,0,0,0,0,0,0,0,0,0,25,0,0,0,0
0,0,33.333,0,0,0,0,0,0,0,0,25,0,0,0,0
0,0,66.667,0,0,0,0,0,0,0,0,25,0,0,0,0
0,0,66.667,0,0,0,0,0,0,0,0,25,0,0,0,0
0,0,66.667,0,0,0,0,0,0,0,0,25,0,0,0,0
0,0,33.333,0,0,0,0,0,0,0,0,0,0,0,0,0
0,0,0,0,0,0,0,0,0,0,0,0,0,0,0,0
0,0,33.333,0,0,0,0,0,0,0,0,0,0,0,0,0
0,0,0,0,0,0,0,0,0,0,0,0,0,0,0,0
0,0,0,0,0,0,0,0,0,0,0,0,0,0,0,0
0,0,0,0,0,0,0,0,0,0,0,0,25,0,0,0
0,0,0,0,0,0,0,0,0,0,0,0,50,0,0,0
0,0,0,0,0,0,0,0,0,0,0,0,25,0,0,0
0,0,0,0,0,0,0,0,0,0,0,0,25,0,0,0
0,0,0,0,0,0,0,0,0,0,0,0,0,0,0,0
0,0,0,0,0,0,0,0,0,0,0,0,0,0,0,0
0,0,0,0,0,0,0,0,0,0,0,0,0,0,0,0
0,0,0,0,0,0,0,0,0,0,0,0,0,0,0,0
0,0,0,0,0,0,0,0,0,0,0,25,0,0,0,0
0,0,0,0,0,0,0,0,0,0,0,0,0,0,0,0
0,0,0,0,0,0,0,0,0,0,0,0,0,0,16.667,0
0,0,0,0,0,0,0,0,0,0,0,0,0,0,16.667,0
0,0,0,0,0,0,0,0,0,0,0,0,0,0,0,0
0,0,0,0,0,0,0,0,0,0,0,0,0,0,0,0
0,0,0,0,0,0,0,0,0,0,0,25,0,0,0,0
0,0,0,0,0,0,0,0,0,0,0,0,0,0,0,0
0,0,0,0,0,0,0,0,0,0,0,25,0,0,0,0
0,0,0,0,0,0,0,0,0,0,0,25,0,0,0,0
0,0,0,0,0,0,0,0,0,0,0,0,0,0,0,0
0,0,0,0,0,0,0,0,0,0,0,25,0,0,0,0
0,0,0,0,0,0,0,0,0,0,0,25,0,0,16.667,0
0,0,0,0,0,0,0,0,0,0,0,0,0,0,16.667,0
0,0,0,0,0,0,0,0,0,0,0,0,0,0,33.333,0
0,0,0,0,0,0,0,0,0,0,0,0,0,0,16.667,0
0,0,0,0,0,0,0,0,0,0,0,0,0,0,0,0
0,0,0,0,0,0,0,0,0,0,0,0,0,0,16.667,0
0,0,0,0,0,0,0,0,0,0,0,0,0,0,16.667,0
0,0,33.333,0,0,0,0,0,0,0,0,0,0,0,16.667,0
0,0,0,0,0,0,0,0,0,0,0,0,0,0,16.667,0
0,0,33.333,0,0,0,0,0,0,0,0,0,0,0,16.667,0
0,0,0,0,0,0,0,0,0,0,0,0,0,0,16.667,0
0,0,33.333,0,0,0,0,0,0,0,0,0,0,0,16.667,0
0,0,0,0,0,0,0,0,0,0,0,0,0,0,16.667,0
0,0,0,0,0,0,0,0,0,0,0,0,0,0,33.333,0
0,0,0,0,0,0,0,0,0,0,0,0,0,0,50,0
0,0,0,0,0,0,0,0,0,0,0,0,0,0,33.333,0
0,0,0,0,0,0,0,0,0,0,0,25,0,0,33.333,0
0,0,0,0,0,0,0,0,0,0,0,25,0,0,16.667,0
0,0,0,0,0,0,0,0,0,0,0,25,0,0,0,0
0,0,0,0,0,0,0,0,0,0,0,0,0,0,0,0
0,0,0,0,0,0,0,0,0,0,0,25,0,0,0,0
0,0,0,0,0,0,0,0,0,0,0,50,0,0,0,0
0,0,0,0,0,0,0,0,0,0,0,50,0,0,0,0
0,0,0,0,0,0,0,0,0,0,0,50,0,0,0,0
0,0,0,0,0,0,0,0,0,0,0,25,0,0,0,0
0,0,0,0,0,0,0,0,0,0,0,0,0,0,0,0
0,0,0,0,0,0,0,0,0,0,0,0,0,0,0,50
0,0,0,0,0,0,0,0,0,0,0,0,0,0,0,25
0,0,0,0,0,0,0,0,0,0,0,0,0,0,0,0
0,0,0,0,0,0,0,0,0,0,0,0,0,0,0,0
0,0,0,0,0,0,0,0,0,0,0,0,0,0,0,25
0,0,0,0,0,0,0,0,0,0,0,0,0,0,0,0
0,0,0,0,0,0,0,0,0,0,0,0,0,0,0,25
0,0,0,0,0,0,0,0,0,0,0,0,0,0,0,0
